index,street_raw,street
00005.jpg,do. flower,flower
00010.jpg,west second,west
00033.jpg,west decond,west
00022.jpg,so. flower,flower
00014.jpg,swe,west
00031.jpg,west second,west
00021.jpg,-west second.,west
00034.jpg,do. i lower.,flower
00002.jpg,west second.,west
00019.jpg,west second.,west
00028.jpg,west second,west
00001.jpg,so. flower,flower
00025.jpg,"i
lower.",flower
00030.jpg,do. flower.,flower
00018.jpg,so. flower,flower
00004.jpg,west decond.,west
00020.jpg,so. i lower,flower
00026.jpg,west first.,west
00003.jpg,jo. i lower.,flower
00012.jpg,as. flower,flower
00032.jpg,south flower,flower
00008.jpg,flower,flower
00027.jpg,,west
00029.jpg,,west
00017.jpg,so. flower.,flower
00006.jpg,do. flower.,flower
00016.jpg,i low,flower
00023.jpg,do. i lower,flower
00009.jpg,i lower,flower
00000.jpg,flowe,flower
00007.jpg,south flower,flower
00024.jpg,so. i lower.,flower
00036.jpg,west second,west
00035.jpg,so. flower,flower
00062.jpg,jo. flower,flower
00068.jpg,so. i lower,flower
00064.jpg,so. flower,flower
00042.jpg,10. flower,flower
00060.jpg,so. flower,flower
00059.jpg,so. i lover,flower
00052.jpg,to. flower,flower
00056.jpg,"so. i love
ver",flower
00046.jpg,west second,west
00050.jpg,"so
flo",flower
00048.jpg,flower,flower
00070.jpg,so. flower,flower
00051.jpg,so. i lower,flower
00063.jpg,west zirst.,west
00037.jpg,"so. i lower.
e",flower
00040.jpg,so. flower,flower
00053.jpg,west second,west
00044.jpg,so. flower,flower
00045.jpg,so. flower,flower
00066.jpg,so. flower,flower
00065.jpg,west second,west
00055.jpg,west second,west
00057.jpg,west first,west
00049.jpg,so. i lowe,flower
00043.jpg,west second,west
00058.jpg,flower,flower
00069.jpg,flower,flower
00047.jpg,so. fluver,flower
00067.jpg,i lover,flower
00061.jpg,so. i lower,flower
00041.jpg,so. flower,flower
00038.jpg,west second,west
00071.jpg,so. flower,flower
00073.jpg,flower,flower
00078.jpg,so. i lower.,flower
00076.jpg,west second.,west
00083.jpg,"le
flower",flower
00079.jpg,lower,flower
00074.jpg,west second.,west
00096.jpg,do. ilower,flower
00098.jpg,so. i lower.,flower
00080.jpg,ve,west
00101.jpg,west second.,west
00097.jpg,west second,west
00088.jpg,"1o.
flower",flower
00094.jpg,flower.,flower
00075.jpg,flower,flower
00089.jpg,so. flower,flower
00084.jpg,flower,flower
00085.jpg,so. i lower.,flower
00090.jpg,so. flower.,flower
00095.jpg,west second.,west
00087.jpg,so. ilan,bunker hill ave
00091.jpg,,west
00092.jpg,so. i lower,flower
00102.jpg,jo. i lower.,flower
00103.jpg,west second,west
00099.jpg,south flower,flower
00082.jpg,flower,flower
00072.jpg,south flower,flower
00077.jpg,so. flower,flower
00093.jpg,sa. flower,flower
00081.jpg,10. i lower,flower
00086.jpg,so. i lower.,flower
00106.jpg,so. flower,flower
00107.jpg,lower,flower
00108.jpg,so. i lowe,flower
00104.jpg,do. flower,flower
00105.jpg,flower.,flower
00110.jpg,so. flower,flower
00109.jpg,west decond.,west
00126.jpg,so. flower,flower
00113.jpg,"le
flower",flower
00114.jpg,sa. flower,flower
00121.jpg,west first.,west
00124.jpg,so. i lower,flower
00133.jpg,do. i lower.,flower
00115.jpg,,west
00117.jpg,so. flower.,flower
00111.jpg,so. flower.,flower
00129.jpg,west second.,west
00139.jpg,flower,flower
00138.jpg,south flower,flower
00141.jpg,flower,flower
00131.jpg,west decond,west
00135.jpg,so. flower,flower
00130.jpg,so. flower,flower
00142.jpg,so. flower,flower
00134.jpg,west second,west
00116.jpg,do. flower.,flower
00140.jpg,west second,west
00143.jpg,west second,west
00125.jpg,,west
00120.jpg,west second,west
00132.jpg,to. flower,flower
00122.jpg,so. flower,flower
00119.jpg,do. ilower,flower
00128.jpg,west zirst.,west
00123.jpg,so. i lover,flower
00137.jpg,so. i lower,flower
00127.jpg,ve,west
00136.jpg,west second,west
00112.jpg,west second,west
00144.jpg,"i
lower.",flower
00146.jpg,jo. flower,flower
00150.jpg,west second,west
00147.jpg,10. flower,flower
00145.jpg,flower,flower
00149.jpg,so. flower,flower
00148.jpg,so. i lower.,flower
00165.jpg,so. flower,flower
00155.jpg,so. flower,flower
00169.jpg,west second.,west
00163.jpg,"so
flo",flower
00171.jpg,west second.,west
00177.jpg,flower,flower
00168.jpg,so. i lower.,flower
00158.jpg,so. i lower,flower
00153.jpg,so. flower,flower
00178.jpg,"so. i love
ver",flower
00151.jpg,"so. i lower.
e",flower
00160.jpg,west second,west
00174.jpg,swe,west
00157.jpg,do. i lower,flower
00154.jpg,flowe,flower
00159.jpg,south flower,flower
00173.jpg,do. flower.,flower
00152.jpg,west second,west
00167.jpg,west second,west
00181.jpg,so. i lower,flower
00179.jpg,so. ilan,bunker hill ave
00162.jpg,i lover,flower
00182.jpg,flower,flower
00161.jpg,flower,flower
00164.jpg,"1o.
flower",flower
00156.jpg,so. i lower.,flower
00176.jpg,so. i lower,flower
00180.jpg,so. i lower.,flower
00166.jpg,so. fluver,flower
00183.jpg,,west
00184.jpg,as. flower,flower
00185.jpg,10. i lower,flower
00199.jpg,so. i lower,flower
00188.jpg,west first,west
00186.jpg,flower,flower
00192.jpg,west second.,west
00196.jpg,so. i lower.,flower
00200.jpg,west second,west
00205.jpg,flower,flower
00198.jpg,west second.,west
00214.jpg,so. ilan,bunker hill ave
00187.jpg,so. i lower.,flower
00190.jpg,-west second.,west
00194.jpg,flower,flower
00210.jpg,so. flower,flower
00201.jpg,south flower,flower
00206.jpg,west second,west
00204.jpg,flower.,flower
00217.jpg,so. i lower,flower
00211.jpg,do. flower.,flower
00212.jpg,so. i lower.,flower
00207.jpg,west second,west
00197.jpg,so. flower,flower
00191.jpg,so. flower,flower
00193.jpg,so. flower,flower
00189.jpg,so. flower,flower
00203.jpg,west second,west
00213.jpg,as. flower,flower
00209.jpg,so. flower,flower
00208.jpg,so. flower,flower
00202.jpg,so. i lower.,flower
00216.jpg,jo. i lower.,flower
00195.jpg,i lover,flower
00215.jpg,so. flower,flower
00229.jpg,do. flower.,flower
00224.jpg,south flower,flower
00221.jpg,so. flower,flower
00236.jpg,so. flower,flower
00225.jpg,to. flower,flower
00226.jpg,sa. flower,flower
00230.jpg,so. flower,flower
00243.jpg,do. i lower,flower
00223.jpg,i low,flower
00222.jpg,do. i lower.,flower
00234.jpg,so. flower,flower
00228.jpg,,west
00232.jpg,so. i lower,flower
00218.jpg,west first,west
00233.jpg,so. flower,flower
00237.jpg,so. flower,flower
00227.jpg,jo. flower,flower
00220.jpg,flower,flower
00250.jpg,do. flower,flower
00235.jpg,flowe,flower
00249.jpg,flower,flower
00238.jpg,so. i lower.,flower
00247.jpg,,west
00245.jpg,so. i lower.,flower
00251.jpg,so. flower,flower
00246.jpg,ve,west
00239.jpg,do. ilower,flower
00248.jpg,10. i lower,flower
00241.jpg,flower,flower
00252.jpg,"1o.
flower",flower
00240.jpg,so. flower,flower
00242.jpg,"so. i love
ver",flower
00265.jpg,west zirst.,west
00256.jpg,"le
flower",flower
00261.jpg,so. i lowe,flower
00259.jpg,so. i lower,flower
00277.jpg,west second,west
00262.jpg,swe,west
00275.jpg,west second,west
00279.jpg,west second,west
00269.jpg,,west
00272.jpg,lower,flower
00253.jpg,i lower,flower
00271.jpg,so. flower,flower
00284.jpg,west second.,west
00274.jpg,west second,west
00268.jpg,so. i lower,flower
00255.jpg,so. flower.,flower
00273.jpg,"so
flo",flower
00276.jpg,west decond,west
00254.jpg,so. fluver,flower
00258.jpg,south flower,flower
00267.jpg,flower,flower
00278.jpg,so. flower.,flower
00264.jpg,west first.,west
00286.jpg,so. flower,flower
00285.jpg,so. i lover,flower
00263.jpg,flower,flower
00281.jpg,west second.,west
00260.jpg,"i
lower.",flower
00257.jpg,flower,flower
00270.jpg,"so. i lower.
e",flower
00266.jpg,10. flower,flower
00280.jpg,west second,west
00289.jpg,west second.,west
00290.jpg,west second.,west
00287.jpg,west second,west
00293.jpg,so. flower,flower
00292.jpg,-west second.,west
00295.jpg,west second,west
00291.jpg,west second,west
00296.jpg,do. ilower,flower
00310.jpg,flower.,flower
00302.jpg,lower,flower
00318.jpg,flower,flower
00320.jpg,so. i lowe,flower
00299.jpg,so. flower,flower
00314.jpg,west second.,west
00307.jpg,,west
00311.jpg,so. i lower.,flower
00327.jpg,so. flower,flower
00308.jpg,south flower,flower
00315.jpg,so. i lower.,flower
00326.jpg,west second,west
00316.jpg,flowe,flower
00325.jpg,south flower,flower
00309.jpg,10. flower,flower
00321.jpg,west second,west
00304.jpg,so. flower,flower
00313.jpg,so. flower.,flower
00303.jpg,west second,west
00298.jpg,so. flower,flower
00301.jpg,flower,flower
00322.jpg,,west
00323.jpg,sa. flower,flower
00324.jpg,west second,west
00306.jpg,west second.,west
00312.jpg,west second,west
00305.jpg,as. flower,flower
00317.jpg,so. i lower.,flower
00300.jpg,ve,west
00331.jpg,west second,west
00329.jpg,west decond,west
00328.jpg,do. i lower.,flower
00359.jpg,to. flower,flower
00352.jpg,i lover,flower
00346.jpg,so. flower,flower
00358.jpg,west second,west
00339.jpg,so. i lover,flower
00345.jpg,so. i lower,flower
00357.jpg,so. flower,flower
00338.jpg,so. fluver,flower
00335.jpg,west zirst.,west
00351.jpg,jo. flower,flower
00354.jpg,flower,flower
00342.jpg,flower,flower
00336.jpg,"le
flower",flower
00362.jpg,swe,west
00356.jpg,west first.,west
00350.jpg,west first,west
00334.jpg,south flower,flower
00348.jpg,jo. i lower.,flower
00333.jpg,so. i lower,flower
00355.jpg,,west
00332.jpg,do. flower.,flower
00344.jpg,"i
lower.",flower
00340.jpg,west second,west
00363.jpg,so. flower,flower
00337.jpg,west second,west
00361.jpg,so. flower,flower
00343.jpg,"1o.
flower",flower
00349.jpg,"so. i love
ver",flower
00360.jpg,so. i lower.,flower
00341.jpg,so. flower,flower
00353.jpg,so. flower,flower
00347.jpg,west second.,west
00369.jpg,west second.,west
00368.jpg,so. i lower,flower
00364.jpg,"so. i lower.
e",flower
00366.jpg,so. flower,flower
00365.jpg,west second,west
00386.jpg,so. i lower,flower
00393.jpg,west first,west
00390.jpg,flower,flower
00397.jpg,west first,west
00394.jpg,west first,west
00377.jpg,i lower,flower
00382.jpg,flower,flower
00392.jpg,flower,flower
00389.jpg,-west second.,west
00396.jpg,so. figueroa,figueroa
00387.jpg,so. flower,flower
00372.jpg,i low,flower
00380.jpg,so. i lower.,flower
00371.jpg,so. flower,flower
00376.jpg,so. flower,flower
00383.jpg,flower,flower
00374.jpg,west second,west
00395.jpg,fo. figueroa,figueroa
00381.jpg,so. i lower,flower
00379.jpg,do. flower.,flower
00378.jpg,"so
flo",flower
00370.jpg,so. flower.,flower
00375.jpg,do. flower,flower
00384.jpg,10. i lower,flower
00391.jpg,west second.,west
00373.jpg,do. i lower,flower
00385.jpg,so. ilan,bunker hill ave
00401.jpg,west first,west
00399.jpg,-west first,west
00402.jpg,do. figueroa.,figueroa
00400.jpg,west first,west
00398.jpg,so. digueroa.,figueroa
00403.jpg,so. digueroo.,figueroa
00417.jpg,west first,west
00424.jpg,west first.,west
00428.jpg,"10. figueron.
o.",figueroa
00408.jpg,west first.,west
00423.jpg,digueroa,figueroa
00420.jpg,so. digueroa,figueroa
00410.jpg,west first,west
00414.jpg,west first,west
00409.jpg,do. sigueroa,figueroa
00430.jpg,so. diqueron,figueroa
00426.jpg,west first.,west
00421.jpg,west first,west
00415.jpg,west first,west
00431.jpg,west first,west
00404.jpg,so. figueroa,figueroa
00411.jpg,30. figueroa.,figueroa
00405.jpg,so. fiqueroa.,figueroa
00413.jpg,so. fiqueroa.,figueroa
00427.jpg,west first,west
00407.jpg,"west
first",west
00422.jpg,west first,west
00419.jpg,west dicat.,west
00406.jpg,west first,west
00429.jpg,west first,west
00434.jpg,west first.,west
00416.jpg,west first,west
00418.jpg,weat first,west
00436.jpg,so. fiqueron.,figueroa
00432.jpg,west first,west
00425.jpg,50. figueroa.,figueroa
00412.jpg,so. diqueron,figueroa
00435.jpg,west first.,west
00438.jpg,west first,west
00437.jpg,west first.,west
00439.jpg,5o. figueroa.,figueroa
00440.jpg,west first,west
00462.jpg,west first,west
00451.jpg,west first.,west
00441.jpg,so. digueroa.,figueroa
00461.jpg,west first,west
00453.jpg,west first,west
00452.jpg,west first,west
00471.jpg,so. figueroa,figueroa
00464.jpg,west first,west
00463.jpg,10. digueroa.,figueroa
00473.jpg,west first,west
00467.jpg,west first,west
00447.jpg,west first,west
00450.jpg,-west first,west
00457.jpg,west first.,west
00469.jpg,west first,west
00448.jpg,so. fiqueroa.,figueroa
00472.jpg,west fiest,west
00442.jpg,west first,west
00465.jpg,west first,west
00460.jpg,west first,west
00468.jpg,50. figueroa.,figueroa
00456.jpg,west first,west
00446.jpg,so. fiqueroa.,figueroa
00455.jpg,west first.,west
00454.jpg,west first,west
00459.jpg,west first,west
00466.jpg,so. idqueroa.,figueroa
00443.jpg,west first,west
00470.jpg,so. figueroa,figueroa
00445.jpg,west first,west
00458.jpg,so. fiqueroa.,figueroa
00449.jpg,west dirst.,west
00474.jpg,west first.,west
00475.jpg,west first.,west
00476.jpg,so. digueroa,figueroa
00477.jpg,west first,west
00478.jpg,west first,west
00479.jpg,so. figueroa.,figueroa
00490.jpg,west first,west
00504.jpg,"west.
first",west
00480.jpg,west first,west
00486.jpg,west first,west
00499.jpg,west first,west
00485.jpg,west first,west
00497.jpg,"west
irst",west
00496.jpg,flower,flower
00487.jpg,west firat.,west
00489.jpg,so. figueroa,figueroa
00488.jpg,so. figueroa.,figueroa
00502.jpg,so. flower.,flower
00494.jpg,1o. figueroa,figueroa
00503.jpg,west first,west
00508.jpg,figueroa,figueroa
00500.jpg,so. flower,flower
00491.jpg,so. fiqueron,figueroa
00505.jpg,first,figueroa
00495.jpg,west first.,west
00492.jpg,west first,west
00484.jpg,-west first,west
00483.jpg,digueroa,figueroa
00498.jpg,flower,flower
00509.jpg,so. flower,flower
00501.jpg,so 7 lower,flower
00493.jpg,so. flower,flower
00482.jpg,west first,west
00507.jpg,flower.,flower
00481.jpg,west first,west
00506.jpg,west first,west
00510.jpg,"west
first",west
00511.jpg,jo. i lower,flower
00513.jpg,so. flower.,flower
00514.jpg,west first,west
00512.jpg,west first,west
00522.jpg,0. flowe,flower
00532.jpg,do. fiqueroa,figueroa
00528.jpg,"so
lower.",flower
00543.jpg,flower,flower
00523.jpg,figueroa,figueroa
00520.jpg,so. flower,flower
00524.jpg,west first.,west
00540.jpg,"west.
first",west
00545.jpg,west first.,west
00517.jpg,"west
first",west
00548.jpg,po flower.,flower
00519.jpg,so. figueroa.,figueroa
00538.jpg,i lower,flower
00541.jpg,so flower.,flower
00539.jpg,west first,west
00537.jpg,west first.,west
00521.jpg,west first,west
00549.jpg,west first,west
00525.jpg,so. flower,flower
00533.jpg,flower.,flower
00531.jpg,west first,west
00529.jpg,west first,west
00534.jpg,west first,west
00527.jpg,lower.,flower
00535.jpg,so. diqueroa.,figueroa
00516.jpg,so. flower,flower
00546.jpg,lower,flower
00515.jpg,so figueroa.,figueroa
00526.jpg,west first,west
00542.jpg,west first,west
00547.jpg,west first,west
00554.jpg,so. i lower.,flower
00551.jpg,so. figueroa.,figueroa
00557.jpg,figuero,figueroa
00553.jpg,so. i lower.,flower
00550.jpg,"0
flower",flower
00556.jpg,so flower,flower
00552.jpg,so. i lewer.,flower
00555.jpg,5o. i lower.,flower
00536.jpg,6. flowe,flower
00570.jpg,"flow
ower",flower
00558.jpg,eo. i lower.,flower
00571.jpg,west first.,west
00567.jpg,west first,west
00574.jpg,so flower,flower
00564.jpg,"west
first",west
00561.jpg,west first,west
00573.jpg,so. figueroa.,figueroa
00576.jpg,flower.,flower
00579.jpg,so. i lower.,flower
00577.jpg,west first,west
00565.jpg,west first,west
00578.jpg,flower.,flower
00568.jpg,"2 flower
7",flower
00559.jpg,"""west first.",west
00589.jpg,west first,west
00581.jpg,west first.,west
00569.jpg,west first,west
00583.jpg,flower,flower
00586.jpg,"so, flower",flower
00585.jpg,flower,flower
00588.jpg,"so. fiqueron.
7",figueroa
00575.jpg,80 flower,flower
00563.jpg,so. hower.,flower
00582.jpg,so. i lower.,flower
00584.jpg,west first,west
00587.jpg,jo. flower,flower
00566.jpg,so. i lower.,flower
00580.jpg,"west
first",west
00562.jpg,so. flower,flower
00572.jpg,"west
first",west
00560.jpg,10. flowe,flower
00591.jpg,so. ilawver.,flower
00594.jpg,s. clay,clay
00590.jpg,west first,west
00596.jpg,clay,clay
00593.jpg,"so, i lower.",flower
00607.jpg,,west
00595.jpg,hers,west
00623.jpg,clay,clay
00610.jpg,chay,clay
00600.jpg,clay,clay
00602.jpg,clay,clay
00599.jpg,chay,clay
00615.jpg,s. clay,clay
00618.jpg,clay,clay
00622.jpg,s. clay,clay
00597.jpg,clay,clay
00617.jpg,clay,clay
00592.jpg,west first,west
00603.jpg,s. clay,clay
00614.jpg,s. clay,clay
00605.jpg,clay,clay
00609.jpg,clay,clay
00608.jpg,chay,clay
00619.jpg,clay,clay
00611.jpg,2/2,west
00620.jpg,the 15,hope
00626.jpg,clay,clay
00621.jpg,clay,clay
00625.jpg,clay,clay
00624.jpg,clay,clay
00616.jpg,clay,clay
00613.jpg,"clay
(south",clay
00628.jpg,clay,clay
00612.jpg,clay,clay
00606.jpg,clay,clay
00627.jpg,hoto,hope
00632.jpg,@bay,clay
00633.jpg,clay,clay
00634.jpg,clay,clay
00638.jpg,chay,clay
00641.jpg,clay st.,clay
00646.jpg,chay,clay
00636.jpg,chay,clay
00639.jpg,chax,clay
00645.jpg,"chay
l",clay
00635.jpg,clay,clay
00643.jpg,clay,clay
00642.jpg,clay,clay
00647.jpg,clay,clay
00637.jpg,clay,clay
00640.jpg,clay,clay
00652.jpg,chay,clay
00649.jpg,clay,clay
00653.jpg,clay,clay
00651.jpg,clay,clay
00648.jpg,clay,clay
00665.jpg,chay,clay
00660.jpg,clay st.,clay
00667.jpg,clay,clay
00662.jpg,clay,clay
00669.jpg,clay,clay
00656.jpg,help,hope
00654.jpg,chay,clay
00655.jpg,clay st.,clay
00661.jpg,clay,clay
00657.jpg,clay,clay
00668.jpg,chay,clay
00663.jpg,chay,clay
00666.jpg,hep,hope
00670.jpg,heto,west
00659.jpg,chay,clay
00658.jpg,teto,west
00664.jpg,clay,clay
00683.jpg,10. flowve,flower
00692.jpg,so. figueroa,figueroa
00674.jpg,clay,clay
00673.jpg,clay,clay
00680.jpg,clay,clay
00677.jpg,clay,clay
00682.jpg,so. fiqueron.,figueroa
00676.jpg,clay,clay
00672.jpg,chay,clay
00678.jpg,chay,clay
00675.jpg,s. clay,clay
00679.jpg,clay,clay
00689.jpg,alpine st,west
00671.jpg,chay,clay
00681.jpg,so. hower,flower
00693.jpg,figueroa,figueroa
00695.jpg,"sflower,",flower
00696.jpg,30. flower,flower
00694.jpg,50.flower,flower
00704.jpg,so. flower,flower
00698.jpg,flower st,flower
00702.jpg,so. flower,flower
00701.jpg,s.flower,flower
00700.jpg,so. flowery se,flower
00699.jpg,so flower st,flower
00706.jpg,flower,flower
00705.jpg,0.,west
00708.jpg,so. flower,flower
00709.jpg,50. flower,flower
00711.jpg,so.flower,flower
00710.jpg,5o. flower.,flower
00707.jpg,flower,flower
00723.jpg,so flower,flower
00719.jpg,s. flower,flower
00724.jpg,so. flower st.,flower
00720.jpg,so flower,flower
00718.jpg,flower se,flower
00713.jpg,so. flower,flower
00729.jpg,so. flower st.,flower
00726.jpg,"so, i lower.",flower
00728.jpg,mops,hope
00730.jpg,so. flower,flower
00725.jpg,so. flower,flower
00717.jpg,50. flower,flower
00712.jpg,s. flower,flower
00721.jpg,so. flower st.,flower
00722.jpg,"s.flower
s",flower
00715.jpg,so. flower st.,flower
00731.jpg,sa flower st,flower
00732.jpg,so. flower,flower
00734.jpg,so. flower st,flower
00737.jpg,so. flower st,flower
00740.jpg,so. flower,flower
00744.jpg,"so. flower, st.",flower
00738.jpg,30. flower st.,flower
00735.jpg,flower se,flower
00733.jpg,s.flower,flower
00736.jpg,so. flower str,flower
00745.jpg,so. flower,flower
00748.jpg,so. flower. st.,flower
00743.jpg,sa flowe st.,flower
00747.jpg,so. flower,flower
00746.jpg,soflower,flower
00741.jpg,flower str,flower
00752.jpg,50. flower,flower
00753.jpg,so. i lower.,flower
00751.jpg,so. flowe. st,flower
00749.jpg,flower st,flower
00750.jpg,50. flower,flower
00755.jpg,so. flower,flower
00757.jpg,so. flower st.,flower
00756.jpg,s. flower,flower
00760.jpg,so. flower,flower
00758.jpg,"-so. flower
st",flower
00764.jpg,50. flower st,flower
00762.jpg,so. flower st,flower
00767.jpg,so. flowej st.,flower
00765.jpg,flowers,flower
00759.jpg,so. flow r,flower
00766.jpg,so. flower st.,flower
00761.jpg,"s. flower
n",flower
00772.jpg,"so, flower",flower
00776.jpg,s. flower,flower
00788.jpg,"s. flower
s",flower
00774.jpg,s.flower,flower
00783.jpg,so. flower st,flower
00789.jpg,so. flower st,flower
00787.jpg,flower se,flower
00779.jpg,so. flower s,flower
00780.jpg,so. flower,flower
00790.jpg,flower se,flower
00778.jpg,30 flower st,flower
00773.jpg,sd. fhower,flower
00771.jpg,s. flower,flower
00770.jpg,s. flower,flower
00785.jpg,so.flower,flower
00782.jpg,flower,flower
00791.jpg,so. flower st.,flower
00784.jpg,so. flower st.,flower
00775.jpg,so. flower,flower
00769.jpg,so. flower,flower
00799.jpg,ilower.,flower
00800.jpg,sp. flower sf,flower
00798.jpg,so. flower,flower
00801.jpg,so. flower,flower
00794.jpg,bo.flower,flower
00792.jpg,"selower
s",flower
00793.jpg,so. flower st.,flower
00802.jpg,so.flower,flower
00795.jpg,so. flower,flower
00797.jpg,"so
flower",flower
00805.jpg,so. flower,flower
00803.jpg,so. flower st,flower
00809.jpg,s. flower,flower
00806.jpg,so. flower st.,flower
00814.jpg,s. flower,flower
00811.jpg,"so.flo wer
st",flower
00808.jpg,flower f,flower
00823.jpg,s. flower,flower
00822.jpg,"so. flower
s.t.",flower
00815.jpg,s. flowpr,flower
00839.jpg,flower,flower
00819.jpg,so. flower st.,flower
00840.jpg,so flower st.,flower
00827.jpg,so. flower st,flower
00837.jpg,50. flower,flower
00825.jpg,so. flower,flower
00831.jpg,so. flower,flower
00832.jpg,s. flowcr,flower
00845.jpg,s. flower,flower
00818.jpg,s. flower,flower
00820.jpg,"s. flow cr
v",flower
00828.jpg,50. flower st,flower
00835.jpg,so. flower st.,flower
00816.jpg,s. flower,flower
00841.jpg,flowers,flower
00810.jpg,so. flower st.,flower
00813.jpg,s. flower.,flower
00844.jpg,so flower st.,flower
00817.jpg,"50.flower
st",flower
00829.jpg,so flower st.,flower
00834.jpg,flower,flower
00833.jpg,so. flower st,flower
00842.jpg,so. flower,flower
00821.jpg,flower sf,flower
00846.jpg,so flower.,flower
00849.jpg,so. flower st,flower
00847.jpg,flower,flower
00857.jpg,so.flower,flower
00858.jpg,sp. floweet.,flower
00850.jpg,50. flower st,flower
00852.jpg,so. flower,flower
00853.jpg,flower,flower
00859.jpg,so.flower,flower
00856.jpg,so. flower st.,flower
00869.jpg,so. flower,flower
00867.jpg,so. flower,flower
00860.jpg,so flower,flower
00866.jpg,so flower,flower
00870.jpg,"do.
flower",flower
00863.jpg,so. flower st,flower
00865.jpg,s. flower,flower
00862.jpg,so. flower,flower
00864.jpg,so. flower st,flower
00871.jpg,50. flower,flower
00877.jpg,30. flower,flower
00898.jpg,"s. flower
n",flower
00887.jpg,flower se,flower
00878.jpg,so. flower st,flower
00874.jpg,flower,flower
00889.jpg,so flower sf.,flower
00888.jpg,flower se,flower
00875.jpg,"so. flower
st",flower
00876.jpg,"so. flower
st",flower
00881.jpg,so. flower.,flower
00873.jpg,so. flower,flower
00893.jpg,so flower,flower
00884.jpg,50. flower,flower
00872.jpg,sp. flower st.,flower
00886.jpg,sp. flowe - st.,flower
00882.jpg,so. flower st.,flower
00895.jpg,so flower,flower
00879.jpg,flower se,flower
00894.jpg,so. flower,flower
00900.jpg,"s.flower
s",flower
00897.jpg,50. flower,flower
00901.jpg,so. flower,flower
00908.jpg,so flower st,flower
00906.jpg,so. flower,flower
00914.jpg,80. i lower.,flower
00913.jpg,so. flower,flower
00907.jpg,so flower st.,flower
00918.jpg,so. flower st,flower
00917.jpg,50. flower,flower
00903.jpg,so. flower st,flower
00912.jpg,50. flower,flower
00902.jpg,50. flower,flower
00904.jpg,so. flower,flower
00905.jpg,s. flower,flower
00911.jpg,so-flower,flower
00910.jpg,flower,flower
00909.jpg,so. flower,flower
00915.jpg,so. flower st,flower
00921.jpg,so. flower,flower
00922.jpg,so. flower,flower
00923.jpg,90.flower st.,flower
00933.jpg,flower se,flower
00927.jpg,flower,flower
00926.jpg,so flower,flower
00932.jpg,so flower st.,flower
00930.jpg,so. flower st.,flower
00924.jpg,so. flower st,flower
00925.jpg,so. flower,flower
00931.jpg,s. flower,flower
00919.jpg,so. flower,flower
00928.jpg,so. flower-st.,flower
00934.jpg,so. flower,flower
00939.jpg,so. flower,flower
00935.jpg,so. flower.,flower
00938.jpg,so.flower,flower
00951.jpg,"s. flower
s",flower
00950.jpg,comotes,west
00944.jpg,s. flower,flower
00954.jpg,so. flower st,flower
00942.jpg,flower st,flower
00955.jpg,flower str,flower
00946.jpg,so. flower,flower
00948.jpg,so. flower st.,flower
00943.jpg,sq. flower,flower
00945.jpg,so. flower st.,flower
00956.jpg,so. flower str,flower
00952.jpg,so.flower,flower
00957.jpg,so. flower st.,flower
00969.jpg,so. flower se,flower
00953.jpg,so flower st.,flower
00972.jpg,"s. flower
s",flower
00958.jpg,so flower,flower
00962.jpg,so. flower,flower
00968.jpg,s. flower,flower
00966.jpg,flower st.-,flower
00963.jpg,s. flower,flower
00973.jpg,so.flower,flower
00964.jpg,so flower st,flower
00960.jpg,so. flower st.,flower
00959.jpg,so.flower,flower
00961.jpg,"s. flower
n",flower
00965.jpg,so. flower,flower
00970.jpg,so. flower.,flower
00949.jpg,s. flower,flower
00967.jpg,s. flower,flower
00940.jpg,so. flower,flower
00974.jpg,so. flowe's. st.,flower
00975.jpg,s. flower,flower
00976.jpg,so. flower se,flower
00980.jpg,so. flower.,flower
00983.jpg,so. flower se,flower
00981.jpg,50. flower,flower
00988.jpg,flower,flower
00990.jpg,so. flower st,flower
00989.jpg,sp. flower st.,flower
00985.jpg,so. flower,flower
00982.jpg,flower st,flower
01010.jpg,so flower,flower
01000.jpg,"50. flower
st",flower
01008.jpg,"s. flower.
s",flower
00997.jpg,so. flower,flower
00999.jpg,so. flower,flower
00995.jpg,so. flower st,flower
00991.jpg,s. flowcr,flower
01014.jpg,so. flower st,flower
00984.jpg,so. flower,flower
01001.jpg,so flower st,flower
01002.jpg,so. flower,flower
01007.jpg,flower st,flower
01011.jpg,flower se,flower
00992.jpg,jo. i lower,flower
01013.jpg,so. flower,flower
00993.jpg,"so. flower
st.",flower
00979.jpg,jo. flower,flower
01015.jpg,s.flower,flower
00998.jpg,so. flower,flower
01004.jpg,flower se,flower
01005.jpg,so. flower,flower
01006.jpg,"s. flowpr
s
150",flower
01003.jpg,s.flo wor,flower
01016.jpg,"so. flower
st",flower
01017.jpg,flower se,flower
01018.jpg,pos,west
01024.jpg,so. flower,flower
01019.jpg,so. flower,flower
01023.jpg,so. flower,flower
01026.jpg,0 flowe,flower
01022.jpg,s. flower,flower
01021.jpg,30.flower st,flower
01028.jpg,flower,flower
01031.jpg,-so. flower st,flower
01045.jpg,so flower st,flower
01041.jpg,flower,flower
01039.jpg,so. i lower,flower
01034.jpg,flower,flower
01051.jpg,so. flower st.,flower
01038.jpg,so. flower se,flower
01054.jpg,so flower.st,flower
01033.jpg,s. flower,flower
01032.jpg,so.flower st.,flower
01048.jpg,"s
o.
flower",flower
01030.jpg,20. flower,flower
01043.jpg,90.flower,flower
01027.jpg,so flower sf,flower
01050.jpg,"s. flower
in",flower
01029.jpg,so. flower st,flower
01046.jpg,flower se,flower
01036.jpg,"flower
#",flower
01055.jpg,so.. flower,flower
01052.jpg,50. flower,flower
01053.jpg,so. flower st,flower
01049.jpg,so. flower,flower
01035.jpg,so. flower,flower
01062.jpg,s. flower,flower
01057.jpg,so. flower,flower
01060.jpg,so. i lower,flower
01058.jpg,so. flower,flower
01063.jpg,so. flower,flower
01065.jpg,s. flower,flower
01059.jpg,so. flower st,flower
01064.jpg,"so, flower st",flower
01071.jpg,"so. flower
st",flower
01067.jpg,s. flower,flower
01066.jpg,so. flower st.,flower
01070.jpg,so. flower,flower
01069.jpg,so. flower sf.,flower
01068.jpg,- so.flower,flower
01072.jpg,s.flower,flower
01077.jpg,50. flower,flower
01074.jpg,so. flower st,flower
01097.jpg,so. flower st.,flower
01107.jpg,so. flower,flower
01108.jpg,so.flower,flower
01106.jpg,"so, flower",flower
01086.jpg,fotos,flower
01081.jpg,"s. flower
s",flower
01078.jpg,so. flower,flower
01080.jpg,so flower,flower
01073.jpg,so.flower,flower
01096.jpg,so flower.st,flower
01091.jpg,flower se,flower
01087.jpg,so. flower st.,flower
01088.jpg,so flower,flower
01090.jpg,so. i lower.,flower
01105.jpg,flower,flower
01104.jpg,"s. flower
m",flower
01103.jpg,so. flower,flower
01094.jpg,"o
flower",flower
01076.jpg,flower.,flower
01109.jpg,so. flower st.,flower
01084.jpg,"50
flower st",flower
01093.jpg,so flower,flower
01100.jpg,flower se,flower
01092.jpg,so. flower st.,flower
01085.jpg,50. flower,flower
01095.jpg,s. flower,flower
01082.jpg,so. flower,flower
01101.jpg,s. flower,flower
01110.jpg,so. flowen se,flower
01112.jpg,so. flower,flower
01102.jpg,so. flower,flower
01113.jpg,flower se,flower
01152.jpg,"so, flower",flower
01143.jpg,s. flower,flower
01120.jpg,flower st,flower
01150.jpg,"s. flower
s",flower
01133.jpg,so. flower,flower
01135.jpg,50. flower,flower
01146.jpg,so.flower,flower
01114.jpg,so. flower st.,flower
01154.jpg,so. flower,flower
01127.jpg,s. flower,flower
01141.jpg,so flower st.,flower
01131.jpg,so. flower st,flower
01134.jpg,20. flower,flower
01117.jpg,so. flower st.,flower
01153.jpg,50. flower st,flower
01121.jpg,s. flower,flower
01149.jpg,flower,flower
01128.jpg,s. flower,flower
01124.jpg,sp. flower,flower
01147.jpg,so flower,flower
01145.jpg,so. flower,flower
01136.jpg,so. flower,flower
01140.jpg,flower s,flower
01123.jpg,s.flower,flower
01122.jpg,s.flower,flower
01139.jpg,so. flowce se,flower
01125.jpg,flower,flower
01130.jpg,flower s,flower
01116.jpg,sa. flower,flower
01157.jpg,"flower
st",flower
01119.jpg,so. flower,flower
01142.jpg,so-flower,flower
01132.jpg,so. flower st,flower
01156.jpg,so. flower,flower
01159.jpg,so. ilower.,flower
01160.jpg,so. flower,flower
01158.jpg,flower se,flower
01165.jpg,so. flower,flower
01164.jpg,flower st,flower
01167.jpg,so.flower,flower
01166.jpg,so. flowe 4₁ st.,flower
01162.jpg,s. flower,flower
01172.jpg,so.flower st,flower
01186.jpg,flower se,flower
01173.jpg,sa. flower,flower
01193.jpg,so. flo wer,flower
01185.jpg,so. flower st.,flower
01188.jpg,50.flower,flower
01184.jpg,s. flower,flower
01176.jpg,so. flower,flower
01170.jpg,s. flower.,flower
01180.jpg,so. flower st.,flower
01179.jpg,s. flower,flower
01197.jpg,so flower st.,flower
01171.jpg,so. flower sf.,flower
01182.jpg,so. flower,flower
01189.jpg,flower,flower
01191.jpg,so. flower sf,flower
01175.jpg,s. flower,flower
01194.jpg,so. flower se,flower
01187.jpg,so. flower,flower
01178.jpg,"so. flower st.
se",flower
01198.jpg,so. flower,flower
01169.jpg,s. flower,flower
01183.jpg,so. flower,flower
01199.jpg,so. flower,flower
01190.jpg,sa. flower st.,flower
01195.jpg,flower see,flower
01192.jpg,50. flower st,flower
01205.jpg,flower se,flower
01203.jpg,so. flower st,flower
01201.jpg,"s, flower
stf",flower
01206.jpg,so. flower,flower
01204.jpg,s.flower,flower
01209.jpg,0. i lowe,flower
01210.jpg,so.flower,flower
01211.jpg,so-flower st.,flower
01212.jpg,so.flower,flower
01238.jpg,flower,flower
01213.jpg,50 flower st,flower
01215.jpg,so. flower,flower
01216.jpg,flower st,flower
01239.jpg,so. flower,flower
01234.jpg,"50
so, flower",flower
01220.jpg,s. flower,flower
01230.jpg,80 flower,flower
01214.jpg,to flower,flower
01232.jpg,s. flower,flower
01228.jpg,so.flower,flower
01235.jpg,"s. flower
in
s",flower
01237.jpg,flower,flower
01218.jpg,so flower,flower
01251.jpg,"30. flower
st",flower
01221.jpg,50. flower,flower
01240.jpg,50. flower,flower
01248.jpg,so. flower st.,flower
01253.jpg,so flower,flower
01225.jpg,so. flower,flower
01250.jpg,so. flower,flower
01243.jpg,so. flower,flower
01249.jpg,s. flower,flower
01226.jpg,flower,flower
01242.jpg,-50. flower,flower
01223.jpg,so. flower,flower
01244.jpg,s. flower,flower
01231.jpg,so flower,flower
01246.jpg,so.fhower st,flower
01245.jpg,so. flower,flower
01247.jpg,s. flower,flower
01227.jpg,flower st,flower
01255.jpg,so. flower,flower
01254.jpg,so.flower,flower
01256.jpg,so-flower,flower
01257.jpg,so. flower,flower
01262.jpg,jo. flower.st,flower
01267.jpg,"se
so flower st",flower
01264.jpg,so. flower-,flower
01265.jpg,so. flower,flower
01261.jpg,"25
tomotes",west
01260.jpg,so flower,flower
01259.jpg,so flowe t.,flower
01279.jpg,flower,flower
01263.jpg,flower,flower
01258.jpg,s. flower.,flower
01268.jpg,so flower st,flower
01278.jpg,so flower st,flower
01292.jpg,50.flower,flower
01271.jpg,flower,flower
01289.jpg,flower,flower
01293.jpg,so. flower,flower
01270.jpg,s. flower,flower
01272.jpg,so flower,flower
01280.jpg,so i lower.,flower
01290.jpg,so.flower,flower
01269.jpg,so.flower,flower
01283.jpg,so. flower st.,flower
01281.jpg,flower se,flower
01273.jpg,s. flower,flower
01275.jpg,so. flower st.,flower
01276.jpg,flower st,flower
01287.jpg,so. flower st.,flower
01274.jpg,so. flower,flower
01286.jpg,so. flower,flower
01291.jpg,"so. flower s
st",flower
01288.jpg,so. flower,flower
01297.jpg,flower s,flower
01296.jpg,"s. flower
stf",flower
01298.jpg,so. flower st.,flower
01299.jpg,s.flower,flower
01302.jpg,so. flower st.,flower
01303.jpg,so. flower,flower
01316.jpg,50. flower,flower
01304.jpg,so. flower,flower
01317.jpg,"so. flower
st.",flower
01301.jpg,so. flower st,flower
01312.jpg,so. flower,flower
01307.jpg,so. flower st,flower
01315.jpg,so. i lower,flower
01306.jpg,s. flower,flower
01308.jpg,"so, flower st",flower
01311.jpg,so. flower str,flower
01309.jpg,so. flower,flower
01324.jpg,flower st,flower
01327.jpg,so. flowerst,flower
01321.jpg,soflower,flower
01328.jpg,so. flower,flower
01331.jpg,s.flower,flower
01319.jpg,so. flower,flower
01300.jpg,so. flower,flower
01326.jpg,sp. flower st.,flower
01320.jpg,s. flower,flower
01318.jpg,s. flower,flower
01329.jpg,20. flower,flower
01333.jpg,"so, flowerst.",flower
01332.jpg,"50.flower
st",flower
01322.jpg,so. flower st.,flower
01330.jpg,so. flowey se.,flower
01336.jpg,50. flower st.,flower
01338.jpg,so flower st,flower
01341.jpg,50. flower,flower
01342.jpg,h flower.,flower
01339.jpg,50. flower,flower
01343.jpg,so. flower,flower
01340.jpg,s. flower,flower
01337.jpg,so. flower,flower
01344.jpg,flower se,flower
01346.jpg,"s. flower
5.
s",flower
01323.jpg,so. flower,flower
01347.jpg,50.fhawer,flower
01335.jpg,flower st,flower
01334.jpg,so flower,flower
01349.jpg,so. flower.,flower
01351.jpg,so. flower st.,flower
01353.jpg,"v
sa, flower",flower
01371.jpg,so. flower st,flower
01378.jpg,so flower,flower
01386.jpg,so fhower. st,flower
01359.jpg,so. flower st,flower
01355.jpg,so.flower,flower
01382.jpg,so. flower st,flower
01358.jpg,so. fhower,flower
01372.jpg,flower,flower
01388.jpg,50. flower,flower
01389.jpg,so flower,flower
01369.jpg,flower,flower
01352.jpg,flower st,flower
01387.jpg,so. flower st.,flower
01367.jpg,"so. flower
st",flower
01385.jpg,flower,flower
01376.jpg,so. flower,flower
01360.jpg,so. flower. st.,flower
01357.jpg,flower st,flower
01384.jpg,so. flower,flower
01381.jpg,so. flower,flower
01366.jpg,so. flower st.,flower
01368.jpg,so. flower st,flower
01383.jpg,so flower st,flower
01370.jpg,so. flower,flower
01374.jpg,"sc
3
flower sf.",flower
01354.jpg,so. flower,flower
01380.jpg,sa flower,flower
01362.jpg,s. flower,flower
01377.jpg,so.flower,flower
01375.jpg,"s. flower
s",flower
01392.jpg,"sa flower st.
st",flower
01390.jpg,"50, flower st",flower
01364.jpg,so. flower st,flower
01422.jpg,so. flower st,flower
01397.jpg,s flower,flower
01399.jpg,so. flower.,flower
01412.jpg,flower,flower
01419.jpg,s.flower,flower
01393.jpg,"so. flower
5 t.",flower
01401.jpg,so flower st.,flower
01418.jpg,so. flower,flower
01414.jpg,50. flower,flower
01396.jpg,so. flower,flower
01400.jpg,so flower,flower
01411.jpg,so flower st,flower
01395.jpg,flower,flower
01417.jpg,"so, flower st",flower
01409.jpg,50. flower,flower
01404.jpg,so. i lower,flower
01398.jpg,so. flower,flower
01416.jpg,"s.flower
s",flower
01402.jpg,s. flower,flower
01413.jpg,50. flower,flower
01421.jpg,so. flower,flower
01407.jpg,"2.
0
flower.",flower
01428.jpg,sa. flower,flower
01415.jpg,flower,flower
01394.jpg,so.flower,flower
01406.jpg,so. flower,flower
01427.jpg,so. flower st,flower
01423.jpg,flower se,flower
01424.jpg,so. flower st,flower
01420.jpg,so. flower,flower
01405.jpg,s. flower,flower
01471.jpg,50. flower,flower
01445.jpg,so flower,flower
01451.jpg,so. flower,flower
01454.jpg,s. flower,flower
01439.jpg,so. flower st.,flower
01436.jpg,bo. flower.,flower
01457.jpg,"s flowpk
s",flower
01449.jpg,so flower,flower
01434.jpg,"s. flower
s",flower
01433.jpg,so. flower st,flower
01441.jpg,s. flower,flower
01438.jpg,so flower,flower
01430.jpg,so flower,flower
01437.jpg,so. flower,flower
01431.jpg,so. i lewer.,flower
01461.jpg,flower se,flower
01443.jpg,s.flower,flower
01463.jpg,so. flower,flower
01435.jpg,s. flower,flower
01455.jpg,so. flower st.,flower
01440.jpg,s. flower,flower
01456.jpg,so. flower ot.,flower
01466.jpg,flower se,flower
01446.jpg,so. flower st,flower
01460.jpg,50. flower st,flower
01442.jpg,so flower,flower
01468.jpg,30 flower st,flower
01458.jpg,"50. flower
st.",flower
01452.jpg,so flower,flower
01470.jpg,so. flower,flower
01462.jpg,s.flower,flower
01465.jpg,so. flower,flower
01480.jpg,so. flower,flower
01474.jpg,flower s,flower
01472.jpg,siflower,flower
01473.jpg,s. flower,flower
01478.jpg,flower,flower
01476.jpg,so.flower,flower
01475.jpg,so flower st.,flower
01477.jpg,50.flower,flower
01486.jpg,flower,flower
01484.jpg,so. flower st,flower
01497.jpg,50. flower,flower
01496.jpg,"5a
flower",flower
01492.jpg,so. flowe t se,flower
01494.jpg,·so. flower,flower
01489.jpg,"so.. flower
0",flower
01487.jpg,so. flower st.,flower
01482.jpg,6. flaive,flower
01490.jpg,so. flower,flower
01485.jpg,s. flower,flower
01481.jpg,"50. flower
st.",flower
01495.jpg,s. flower',flower
01504.jpg,flower s,flower
01499.jpg,flower,flower
01501.jpg,s. flower,flower
01510.jpg,so. flower st,flower
01514.jpg,so flower,flower
01502.jpg,"s.flower
s
10",flower
01506.jpg,so. flower,flower
01507.jpg,flower.,flower
01519.jpg,"so. flower
st",flower
01515.jpg,s. flower,flower
01517.jpg,so. flower,flower
01513.jpg,"so. flower
27.",flower
01512.jpg,so. flower st.,flower
01508.jpg,so flowers sti,flower
01500.jpg,so.flower,flower
01516.jpg,s. flower,flower
01518.jpg,so flower,flower
01498.jpg,50.flower,flower
01505.jpg,so flower st.,flower
01526.jpg,so.flower,flower
01522.jpg,so. flower,flower
01524.jpg,so. flower st.,flower
01525.jpg,90. flower,flower
01534.jpg,s. hope st.,hope
01535.jpg,"s. hope 34,",hope
01533.jpg,s. hope st,hope
01527.jpg,flower sh,flower
01530.jpg,s. hope st,hope
01531.jpg,s. hope st.,hope
01537.jpg,s. hope st.,hope
01529.jpg,so flower,flower
01536.jpg,s. hope st,hope
01532.jpg,5. hope,hope
01520.jpg,flower st.,flower
01523.jpg,s. flower,flower
01521.jpg,so. flower st.,flower
01550.jpg,s. hope st.,hope
01540.jpg,s. hope st.,hope
01542.jpg,s. hope st,hope
01551.jpg,s. hope st.,hope
01552.jpg,"s.hope s4,",hope
01548.jpg,s. hope st,hope
01547.jpg,"·s, hope st.",hope
01544.jpg,s. hope 34.,hope
01549.jpg,s. hope 34,hope
01539.jpg,s. hope st.,hope
01538.jpg,s. hope st,hope
01543.jpg,s. hope st,hope
01545.jpg,3. hope st,hope
01541.jpg,s. hope st.,hope
01553.jpg,s. hope st.,hope
01546.jpg,s. hope st,hope
01555.jpg,s. hope st,hope
01562.jpg,s. bunker hill ave,bunker hill ave
01557.jpg,s. hope st,hope
01569.jpg,-s. bunker hill ave,bunker hill ave
01565.jpg,s. bunker hill ave,bunker hill ave
01554.jpg,s. hope 84.,hope
01568.jpg,s. bunker hill ave,bunker hill ave
01561.jpg,bunker mee uve.,bunker hill ave
01558.jpg,s. hope st.,hope
01559.jpg,s. hope st,hope
01566.jpg,s. bunker hill ave,bunker hill ave
01567.jpg,s. bunker hill ave,bunker hill ave
01564.jpg,s. bunker hill ave,bunker hill ave
01563.jpg,s. bunker hill ave,bunker hill ave
01556.jpg,s. hope s4,hope
01560.jpg,bunker hill u,bunker hill ave
01575.jpg,s bunker hill are.,bunker hill ave
01570.jpg,s bunker hill ave,bunker hill ave
01571.jpg,s. bunker hill ave,bunker hill ave
01581.jpg,s. bunker hill are,bunker hill ave
01573.jpg,s. bunker hill ave,bunker hill ave
01572.jpg,s bunker hill ave,bunker hill ave
01585.jpg,so grand-ave,grand
01578.jpg,s. bunker hill are,bunker hill ave
01576.jpg,s. bonker hill ave,bunker hill ave
01584.jpg,s.bunker hill ave,bunker hill ave
01574.jpg,s. bunker hill ave,bunker hill ave
01579.jpg,s. bunker hill ave,bunker hill ave
01580.jpg,s. bunker hill ave,bunker hill ave
01583.jpg,s. bunker hill ave,bunker hill ave
01582.jpg,s. bunker hill ave,bunker hill ave
01577.jpg,s. bunker hill ave,bunker hill ave
01587.jpg,"so, grand ave",grand
01597.jpg,"so, grand ave",grand
01607.jpg,"so. grand- #ve
s",grand
01601.jpg,s. grand ave,grand
01593.jpg,live.,flower
01592.jpg,grand,grand
01598.jpg,grand ave,grand
01612.jpg,,west
01603.jpg,so grand ave,grand
01595.jpg,grand,grand
01608.jpg,5. grand ave,grand
01605.jpg,rand live.,grand
01611.jpg,"so, grand ave",grand
01589.jpg,grand,grand
01590.jpg,s.granci ave,grand
01610.jpg,hand love,hope
01602.jpg,grand five,grand
01588.jpg,s. grand ave,grand
01606.jpg,"so, grand ave",grand
01609.jpg,arahed ant.,grand
01613.jpg,so. grand,grand
01624.jpg,grand ave,grand
01622.jpg,grand ave.,grand
01614.jpg,so. grand-7744,grand
01630.jpg,and ave.,grand
01619.jpg,so. grand-five,grand
01618.jpg,,west
01623.jpg,"grand!
ov",grand
01631.jpg,s. grand ave,grand
01615.jpg,so. grand ave,grand
01626.jpg,"so, grand ave",grand
01629.jpg,rand,grand
01643.jpg,and ave,grand
01640.jpg,5 grand ave,grand
01637.jpg,grand ave.,grand
01633.jpg,s.grand ave.,grand
01641.jpg,"ra
i tive.",bunker hill ave
01634.jpg,s. grand ave,grand
01639.jpg,"so, grand ave",grand
01648.jpg,"so, grand-ave",grand
01659.jpg,s. grand ave,grand
01645.jpg,grand,grand
01658.jpg,"so, grand ave",grand
01650.jpg,mased art.,cinnabar
01661.jpg,s. braled and.,grand
01655.jpg,s. grand avp.,grand
01649.jpg,so grand ave.,grand
01656.jpg,and,grand
01654.jpg,my,clay
01646.jpg,so. grand ave,grand
01652.jpg,grand livre.,grand
01647.jpg,s. grand ave,grand
01662.jpg,grand ave,grand
01665.jpg,s. grand,grand
01664.jpg,"so, grand-ave
5",grand
01668.jpg,"so, grand-ave",grand
01666.jpg,,west
01651.jpg,rand ave,grand
01685.jpg,s. grand ave,grand
01686.jpg,,west
01671.jpg,"s. gra
grand ave",grand
01680.jpg,so grand ave,grand
01677.jpg,,west
01675.jpg,s grand ave,grand
01684.jpg,"so, grand ave",grand
01673.jpg,so. grand ave,grand
01670.jpg,"so, grand ave",grand
01679.jpg,grand!,grand
01683.jpg,so. grand-ave,grand
01669.jpg,so. grand ave,grand
01672.jpg,grand ave,grand
01697.jpg,grand ca ave.,grand
01696.jpg,"so, grand sive",grand
01703.jpg,"so, grand-ave",grand
01694.jpg,"grand live.
the.",grand
01695.jpg,"so, grand-ave
lo",grand
01690.jpg,j. brand mr.,grand
01699.jpg,so. grand que,grand
01691.jpg,"so, grand ave",grand
01706.jpg,s. granc ave,grand
01707.jpg,"so, grand ave",grand
01687.jpg,so grand -ave,grand
01705.jpg,"so, grand-live",grand
01704.jpg,"so, grand ale",grand
01713.jpg,,west
01708.jpg,18.,west
01715.jpg,so. grand ave,grand
01701.jpg,so. grand ave,grand
01723.jpg,s. grand are,grand
01714.jpg,,west
01709.jpg,"so, grand ave",grand
01719.jpg,"so, grand ave",grand
01711.jpg,s.granc ave,grand
01730.jpg,grand!,grand
01717.jpg,s. grand ave,grand
01725.jpg,s. grand ave.,grand
01731.jpg,grand ave.,grand
01728.jpg,s. grand ave,grand
01735.jpg,"so, grand ave",grand
01724.jpg,,west
01734.jpg,rand ave,grand
01722.jpg,"so. grand
ave",grand
01718.jpg,so. bunker hill ave,bunker hill ave
01740.jpg,s. grand ame,grand
01742.jpg,haved ane,bunker hill ave
01736.jpg,s. grand are,grand
01737.jpg,so. grand ave.,grand
01738.jpg,s. grand art.,grand
01739.jpg,grand ave.,grand
01741.jpg,grand love,grand
01744.jpg,s. grand are,grand
01743.jpg,so. grand ave,grand
01748.jpg,rand i,grand
01750.jpg,live.,flower
01749.jpg,s. grand are,grand
01751.jpg,d ave.,bunker hill ave
01761.jpg,s. grand ave,grand
01766.jpg,grand are.,grand
01773.jpg,s 5. anand art.,cinnabar
01767.jpg,,west
01754.jpg,s. grand ave,grand
01759.jpg,"so, grand ave",grand
01764.jpg,s.grand are,grand
01776.jpg,,west
01758.jpg,s. grand lave.,grand
01769.jpg,so. grand-ave,grand
01762.jpg,"grand
20",grand
01770.jpg,"so, grand ave",grand
01757.jpg,31 grand,grand
01763.jpg,grand live,grand
01779.jpg,grand ave.,grand
01774.jpg,grand ave,grand
01780.jpg,"so, grand sive",grand
01771.jpg,grand,grand
01775.jpg,so. grand ave,grand
01783.jpg,grand abe,grand
01789.jpg,grand ave.,grand
01782.jpg,s. grand ave,grand
01784.jpg,s. brand any.,grand
01787.jpg,grand ave,grand
01792.jpg,so grand -five,grand
01786.jpg,s. grand ave.,grand
01791.jpg,grand,grand
01788.jpg,"so, grand ave",grand
01797.jpg,ran,grand
01794.jpg,s. grande,grand
01793.jpg,"so, grand ave",grand
01798.jpg,so grand-ave,grand
01801.jpg,s. grand ave,grand
01800.jpg,"so, grand ave",grand
01820.jpg,rand,grand
01815.jpg,s. grand live.,grand
01813.jpg,s. gauld art.,figueroa
01802.jpg,and,grand
01824.jpg,so. grand-ave,grand
01808.jpg,s. grand ure.,grand
01823.jpg,"so, grand ave",grand
01806.jpg,grand ave,grand
01817.jpg,j. paked art.,cinnabar
01812.jpg,s. grand ave,grand
01818.jpg,,west
01809.jpg,so grand que,grand
01807.jpg,"so, grand ave",grand
01816.jpg,grand ave,grand
01830.jpg,"so, grand ave",grand
01828.jpg,so. grand-ave,grand
01810.jpg,s. brand and,grand
01804.jpg,"so, grand-ave",grand
01805.jpg,"so,
grand ave",grand
01829.jpg,"and lave
an",bunker hill ave
01831.jpg,,west
01827.jpg,"so, grand ave",grand
01838.jpg,ran,grand
01825.jpg,s. grand ave,grand
01832.jpg,and,grand
01834.jpg,so. grand ave,grand
01837.jpg,s.grand avp.,grand
01826.jpg,"so, grand ave",grand
01844.jpg,"so, grand ave",grand
01843.jpg,so. grand-ave,grand
01839.jpg,grand ave,grand
01845.jpg,√. judad art.,cinnabar
01841.jpg,"so, grand stue",grand
01850.jpg,s. grand avp.,grand
01846.jpg,s. grand ave,grand
01853.jpg,so. grand sive.,grand
01848.jpg,so. grand ave,grand
01857.jpg,grand live,grand
01855.jpg,grand,grand
01863.jpg,grand love,grand
01859.jpg,,west
01862.jpg,"so, grand ave",grand
01864.jpg,"so, grand ave",grand
01870.jpg,hand lave,bunker hill ave
01866.jpg,"so, grand- ave",grand
01867.jpg,and ave.,grand
01860.jpg,sgrand ave.,grand
01872.jpg,grand art.,grand
01901.jpg,adlave,clay
01868.jpg,grand ave,grand
01881.jpg,,west
01874.jpg,grand bue,grand
01865.jpg,s. granc ave,grand
01891.jpg,s. grand ave,grand
01905.jpg,rand dre.,grand
01900.jpg,i. grand ale,grand
01904.jpg,grand!,grand
01886.jpg,grand ave.,grand
01879.jpg,,west
01877.jpg,so grand ave.,grand
01884.jpg,"so, grand ave.",grand
01897.jpg,s. grand ave,grand
01898.jpg,"""grand""
i",grand
01899.jpg,"gras
rand ave.",grand
01873.jpg,so. grand ave,grand
01894.jpg,grand ave..,grand
01876.jpg,s. grand ave,grand
01890.jpg,grand ave.,grand
01885.jpg,s. grand abe.,grand
01903.jpg,s. grand are,grand
01892.jpg,so. grand ave,grand
01908.jpg,s. grand ave,grand
01916.jpg,a grand live,grand
01909.jpg,"so, grand ave",grand
01920.jpg,grand cve.,grand
01913.jpg,randare.,grand
01919.jpg,"so, grand ave.",grand
01906.jpg,grand gne.,grand
01910.jpg,"so. grand #ve
s",grand
01912.jpg,s.grandave,grand
01940.jpg,"rand ave
yra",grand
01938.jpg,hand lave,bunker hill ave
01950.jpg,so. grand ave,grand
01945.jpg,"so, grand ave",grand
01947.jpg,grand,grand
01927.jpg,-s. grand ave.,grand
01942.jpg,s. grand ave,grand
01924.jpg,grand,grand
01935.jpg,grand lave,grand
01926.jpg,s.grand ave.,grand
01933.jpg,s. grand ave.,grand
01928.jpg,"so, grand ave",grand
01939.jpg,so. grand ave,grand
01952.jpg,s.grand are,grand
01943.jpg,grand,grand
01934.jpg,"so, grand ave",grand
01925.jpg,so. grand-ave,grand
01944.jpg,so grimp-77v9,hope
01930.jpg,grand ave,grand
01922.jpg,grand,grand
01921.jpg,s.grand ave,grand
01932.jpg,grand mas,grand
01951.jpg,"so, grand
ave",grand
01955.jpg,so. grand ave,grand
01958.jpg,"so, grand live",grand
01964.jpg,so. grand ave,grand
01965.jpg,"so, grand ave",grand
01953.jpg,grand ave.,grand
01957.jpg,s.granc ave,grand
01959.jpg,s. anand art.,cinnabar
01961.jpg,"so, grand ave",grand
01963.jpg,s. grand,grand
01972.jpg,"so, grand ave",grand
01969.jpg,"so, grand ave",grand
01980.jpg,i. grand,grand
01976.jpg,"so, grand ave",grand
01984.jpg,s. hand as,grand
01982.jpg,grand,grand
01981.jpg,"s. grand avp.
s",grand
01986.jpg,grand flor,grand
01975.jpg,,west
01970.jpg,rand,grand
01987.jpg,"po
my.",hope
01989.jpg,s. grand ave,grand
01978.jpg,s. arand ave,grand
01993.jpg,s. irland any.,grand
02006.jpg,"so, grand ave",grand
02004.jpg,grand live,grand
01991.jpg,grand are.,grand
02016.jpg,so. grand-ave,grand
02020.jpg,hand,grand
01994.jpg,"so, grand ave",grand
02002.jpg,h,hope
02013.jpg,"so, grand ave.",grand
01983.jpg,so grand ave,grand
02014.jpg,rand,grand
02010.jpg,"so, grand avo",grand
01997.jpg,so. grand sve,grand
01996.jpg,s. grand ave,grand
02019.jpg,grand ave.,grand
02005.jpg,jo bland and,grand
01992.jpg,"so. grand ave
s",grand
01999.jpg,hand,grand
02018.jpg,"so, grand sive",grand
02021.jpg,grand,grand
02025.jpg,"so, grand ave",grand
02023.jpg,ii ave.,bunker hill ave
02022.jpg,"so, grand ave",grand
02030.jpg,grand,grand
02036.jpg,ad ave,bunker hill ave
02035.jpg,"s
chahed ass.
all",bunker hill ave
02028.jpg,s.grand ave,grand
02033.jpg,,west
02043.jpg,and ave,grand
02038.jpg,s. grand ave.,grand
02052.jpg,grand,grand
02046.jpg,"rand ave,",grand
02026.jpg,so. grand ave,grand
02047.jpg,s. grand ave,grand
02054.jpg,s. grand are.,grand
02037.jpg,"so, grand ave",grand
02044.jpg,"anand art.
and",cinnabar
02042.jpg,s. grand ave.,grand
02032.jpg,grand ave.,grand
02048.jpg,"so, grand ave",grand
02029.jpg,s. grand i,grand
02057.jpg,s. grand ave,grand
02055.jpg,grand ave.,grand
02061.jpg,so. grand-tive,grand
02056.jpg,grand,grand
02070.jpg,s. grand,grand
02064.jpg,grand ave.,grand
02058.jpg,s. grand livre.,grand
02072.jpg,s. grand ave.,grand
02053.jpg,hand ave,grand
02065.jpg,tram,grand
02075.jpg,s.granc avc,grand
02069.jpg,s. grand ave,grand
02074.jpg,s. grand,grand
02063.jpg,-s. grand ave,grand
02041.jpg,aas,cinnabar
02060.jpg,"so, grand ave",grand
02071.jpg,so. grand sive,grand
02039.jpg,grand ave,grand
02080.jpg,"sa
grand ave",grand
02093.jpg,"so,grand -ave",grand
02083.jpg,grand,grand
02082.jpg,j. grand art.,grand
02084.jpg,so. grand-ave,grand
02092.jpg,"so, grand ave",grand
02089.jpg,grand shre,grand
02091.jpg,,west
02085.jpg,so. grand ave,grand
02094.jpg,grandlave,grand
02086.jpg,"so,grand-ave",grand
02078.jpg,so. grand ave.,grand
02087.jpg,"an
ave.
a",cinnabar
02081.jpg,"pop p
ant",hope
02100.jpg,so. grand ave,grand
02090.jpg,and are,grand
02088.jpg,s. grand avc.,grand
02097.jpg,s. grand ave.,grand
02103.jpg,so. grand ave,grand
02120.jpg,grand,grand
02113.jpg,"so, grand ave",grand
02108.jpg,"s
grand ave",grand
02119.jpg,grand ave,grand
02112.jpg,"2
trand",grand
02115.jpg,grand ave,grand
02104.jpg,s.grand ave,grand
02124.jpg,"so, grand ave",grand
02110.jpg,grand,grand
02117.jpg,"se, grand ave",grand
02118.jpg,grand the.,grand
02105.jpg,so. grand ave,grand
02122.jpg,"so, grand ave.",grand
02137.jpg,,west
02132.jpg,grand ave.,grand
02128.jpg,"so, grand ave..",grand
02136.jpg,grand live.,grand
02133.jpg,s. grand ave,grand
02125.jpg,s. grand art.,grand
02126.jpg,s. grand and,grand
02139.jpg,so. grand-ave,grand
02141.jpg,s. grand ave.,grand
02138.jpg,s. grand avc.,grand
02130.jpg,trand!,grand
02148.jpg,,west
02150.jpg,grand ave,grand
02143.jpg,grand ave.,grand
02157.jpg,so. grand ave,grand
02163.jpg,s. grand ave,grand
02142.jpg,s. grand ave.,grand
02158.jpg,so. gyand ave.,grand
02161.jpg,s. grand love.,grand
02146.jpg,"so, grand ave",grand
02149.jpg,s. grand ave.,grand
02145.jpg,s. grand avo,grand
02155.jpg,3. grand are,grand
02151.jpg,v. grand apte,grand
02164.jpg,,west
02159.jpg,s. brand art.,grand
02147.jpg,grand ave.,grand
02166.jpg,s... grand art.,grand
02154.jpg,"35
trand",grand
02168.jpg,grand thre.,grand
02167.jpg,"so, grana ale",grand
02169.jpg,nd lave,bunker hill ave
02181.jpg,i ave.,bunker hill ave
02173.jpg,s. grand,grand
02171.jpg,grand,grand
02186.jpg,,west
02182.jpg,and due,grand
02178.jpg,"so.
grand ave",grand
02192.jpg,"so, grand ave.",grand
02187.jpg,,west
02184.jpg,"so, grand ave",grand
02180.jpg,so. grand ave,grand
02174.jpg,rand,grand
02190.jpg,so. grand,grand
02200.jpg,sand ade,grand
02201.jpg,s. brand art.,grand
02196.jpg,so. grand-ave,grand
02195.jpg,grand,grand
02197.jpg,s. grand avc,grand
02202.jpg,"so, grand live",grand
02203.jpg,so. grand are,grand
02194.jpg,"so, grand ave.",grand
02212.jpg,grandlive.,grand
02206.jpg,grand lave,grand
02208.jpg,so. grand ave,grand
02210.jpg,s. grand ave,grand
02209.jpg,s. grandlane.,grand
02213.jpg,"gre
rand",grand
02217.jpg,grand ave.,grand
02204.jpg,"so, grand ave",grand
02221.jpg,grand ave,grand
02215.jpg,"s. grand ave
s",grand
02216.jpg,s. grand ave,grand
02232.jpg,so. grand ave,grand
02227.jpg,so. grand-ave,grand
02220.jpg,"ram
no",grand
02233.jpg,grand lave,grand
02230.jpg,jahouhy,hope
02239.jpg,trand ave.,grand
02229.jpg,"so, grand ave.",grand
02223.jpg,s grand are,grand
02237.jpg,"so, grand ave",grand
02228.jpg,"so, grand ave",grand
02235.jpg,s. grand b.,grand
02222.jpg,all ave.,bunker hill ave
02244.jpg,and,grand
02234.jpg,grand ave.,grand
02240.jpg,s. grand art.,grand
02242.jpg,and bave,grand
02245.jpg,,west
02177.jpg,s. grand ave.,grand
02246.jpg,"so, grand ave",grand
02247.jpg,sa. grand-17 ke,grand
02250.jpg,grand,grand
02241.jpg,"4
and art.",grand
02243.jpg,grand ave,grand
02248.jpg,grand leve,grand
02249.jpg,sgrond ave,grand
02257.jpg,"so, grand ave",grand
02185.jpg,grand thre.,grand
02261.jpg,so. grand-ave,grand
02254.jpg,so grand-ave,grand
02255.jpg,s. grand vine.,grand
02265.jpg,8. grand ohne.,grand
02252.jpg,"so, grand ave",grand
02259.jpg,so. grand ave,grand
02266.jpg,8. ghan,grand
02262.jpg,"so, grandave",grand
02268.jpg,brand,grand
02263.jpg,grand ave,grand
02273.jpg,and,grand
02277.jpg,grand ave,grand
02291.jpg,s. grand ave,grand
02288.jpg,,west
02282.jpg,rand,grand
02267.jpg,s. granca vp.,grand
02278.jpg,s. grand ave,grand
02269.jpg,so grand ave,grand
02280.jpg,grand ave.,grand
02286.jpg,rand ave.,grand
02293.jpg,"so, grand-aye",grand
02296.jpg,"so, grand ave",grand
02284.jpg,land,grand
02304.jpg,rand,grand
02295.jpg,s. grand ave,grand
02292.jpg,noc,hope
02285.jpg,s. grand ave,grand
02279.jpg,"so, grand-aye",grand
02302.jpg,s. grand ave.,grand
02299.jpg,grand have,grand
02289.jpg,s. grand as.,grand
02272.jpg,"so, grand ave",grand
02303.jpg,so. grand ave,grand
02306.jpg,,west
02275.jpg,grand i,grand
02297.jpg,grand lave,grand
02298.jpg,i. grand ave,grand
02300.jpg,s. grand ave.,grand
02294.jpg,grand art.,grand
02308.jpg,gran,grand
02309.jpg,rand,grand
02287.jpg,grand love,grand
02313.jpg,"s.grand ave
s",grand
02316.jpg,grand ave,grand
02326.jpg,,west
02317.jpg,grand que,grand
02328.jpg,s. grand time,grand
02325.jpg,,west
02314.jpg,,west
02315.jpg,so. grand ave.,grand
02321.jpg,s. grand ave,grand
02324.jpg,trand ave,grand
02332.jpg,grand ave.,grand
02318.jpg,grand ave,grand
02312.jpg,"so, grand ave",grand
02311.jpg,s. grand ave,grand
02356.jpg,so. grand-ave,grand
02353.jpg,grand,grand
02333.jpg,s. grany ave,grand
02352.jpg,"s. olive
-0",bunker hill ave
02343.jpg,"so, grand ave",grand
02354.jpg,"so, grand ave",grand
02346.jpg,"3. fr
and",grand
02340.jpg,so. grand ave.,grand
02355.jpg,"so, greitp-ave",bunker hill ave
02319.jpg,s. grand time.,grand
02331.jpg,s. grand ave,grand
02337.jpg,3. grand ave,grand
02359.jpg,s. grand avc.,grand
02357.jpg,grand ave,grand
02344.jpg,,west
02330.jpg,s. grand,grand
02350.jpg,"so, grand ave",grand
02351.jpg,grand ave.,grand
02341.jpg,so. grand ave,grand
02334.jpg,grand ave.,grand
02360.jpg,"so, grand ave",grand
02364.jpg,so. grand ave,grand
02377.jpg,so grand are,grand
02361.jpg,i. grand a,grand
02375.jpg,grand ave,grand
02369.jpg,grand,grand
02372.jpg,grand,grand
02371.jpg,"8.
3. grand",grand
02373.jpg,"so, grand ave",grand
02362.jpg,grand ave.,grand
02389.jpg,s! grand ave,grand
02378.jpg,"s.
would any.",clay
02363.jpg,s. grand live.,grand
02379.jpg,s. grand pf.,grand
02398.jpg,s. grand ave,grand
02366.jpg,"so
grand ave",grand
02381.jpg,nd lave,bunker hill ave
02393.jpg,"so, grand ave",grand
02413.jpg,grand ave.,grand
02391.jpg,my.,clay
02407.jpg,grand live.,grand
02387.jpg,,west
02383.jpg,so grand ave,grand
02404.jpg,grand lave,grand
02380.jpg,"se
grand lave",grand
02390.jpg,grand ave.,grand
02385.jpg,grand ave.,grand
02394.jpg,so. grand ave,grand
02415.jpg,grand ave.,grand
02411.jpg,s. grand ave,grand
02397.jpg,gran,grand
02414.jpg,rand,grand
02400.jpg,wave.,west
02388.jpg,so. grand ave,grand
02402.jpg,s.grand ave,grand
02419.jpg,"west
first",west
02418.jpg,"so, grand ave",grand
02416.jpg,s. grand ave,grand
02421.jpg,"west
first",west
02403.jpg,grand,grand
02427.jpg,west first.,west
02425.jpg,"""west first.",west
02422.jpg,west first,west
02420.jpg,"west.
first",west
02424.jpg,-west first.,west
02426.jpg,west first,west
02423.jpg,west first,west
02428.jpg,west first,west
02434.jpg,west first,west
02438.jpg,west first,west
02445.jpg,west first,west
02436.jpg,west first,west
02447.jpg,"west
first.",west
02440.jpg,west first,west
02441.jpg,west first,west
02439.jpg,west first,west
02437.jpg,west first,west
02443.jpg,west first,west
02435.jpg,west first,west
02433.jpg,west first,west
02430.jpg,west first,west
02432.jpg,west first,west
02451.jpg,"west
first",west
02429.jpg,west first,west
02431.jpg,west first.,west
02444.jpg,west first,west
02442.jpg,west first,west
02449.jpg,west first.,west
02459.jpg,west first.,west
02457.jpg,"west
first",west
02450.jpg,-west first,west
02446.jpg,west first,west
02453.jpg,west first,west
02458.jpg,west first.,west
02448.jpg,west first,west
02454.jpg,west first.,west
02455.jpg,"west
first",west
02452.jpg,west first,west
02461.jpg,west first,west
02460.jpg,west first,west
02456.jpg,"west
first",west
02474.jpg,"so, bunkey hill ave",bunker hill ave
02467.jpg,bunkir hill-_ ave.,bunker hill ave
02462.jpg,west first,west
02471.jpg,"so, bunkex hill ave",bunker hill ave
02463.jpg,west first,west
02466.jpg,bunker hill! ave,bunker hill ave
02473.jpg,·so. bunker hill ave,bunker hill ave
02479.jpg,ave,bunker hill ave
02472.jpg,"so, bunner hill ave",bunker hill ave
02475.jpg,bunker hill ave.,bunker hill ave
02480.jpg,so bunker hill ave,bunker hill ave
02478.jpg,bunker hill ve,bunker hill ave
02483.jpg,so. bunkex hill ave,bunker hill ave
02490.jpg,bunker hill! ave.,bunker hill ave
02464.jpg,west first,west
02485.jpg,bunker hill,bunker hill ave
02465.jpg,west first,west
02469.jpg,bunker hell ave.,bunker hill ave
02477.jpg,so. bunker hill ave,bunker hill ave
02484.jpg,·so. bunker hill ave,bunker hill ave
02470.jpg,"bunker hill alves,",bunker hill ave
02486.jpg,bunker hell. avs.,bunker hill ave
02482.jpg,so. bunker hill ave,bunker hill ave
02468.jpg,bunker bell-wr,bunker hill ave
02491.jpg,bunker fell ave.,bunker hill ave
02488.jpg,bunker hill ave.,bunker hill ave
02495.jpg,"so, bunker hill ave",bunker hill ave
02476.jpg,"so, bunker hill ave",bunker hill ave
02489.jpg,benker hill. avr.,bunker hill ave
02494.jpg,bunker hill ave,bunker hill ave
02481.jpg,"so, bunker nill ave",bunker hill ave
02492.jpg,bunker killie.,bunker hill ave
02487.jpg,s. benker hils are,bunker hill ave
02497.jpg,so bunker hill ave,bunker hill ave
02502.jpg,banker hill avr.,bunker hill ave
02501.jpg,bunker hell ave.,bunker hill ave
02493.jpg,bunker hell. avr,bunker hill ave
02499.jpg,so. bunker hill ave,bunker hill ave
02500.jpg,si burkh i tillave,bunker hill ave
02496.jpg,so bunker hill ave,bunker hill ave
02498.jpg,"so, bunker hill ave,",bunker hill ave
02517.jpg,bunker hill! ave,bunker hill ave
02505.jpg,"so, bunker hill ale",bunker hill ave
02510.jpg,bunker hill - ave,bunker hill ave
02515.jpg,bunker hill ave.,bunker hill ave
02513.jpg,bunker kell. ave,bunker hill ave
02525.jpg,so. bunkex hill ave,bunker hill ave
02503.jpg,unker,bunker hill ave
02508.jpg,so.bunker hill ave,bunker hill ave
02512.jpg,bunker hille. ave.,bunker hill ave
02506.jpg,"so, bunker hill ave",bunker hill ave
02530.jpg,so. bunker hill ave,bunker hill ave
02529.jpg,-bunker hill,bunker hill ave
02514.jpg,bunker hile. ave,bunker hill ave
02520.jpg,so bunker hill ave,bunker hill ave
02509.jpg,bunker hile avv.,bunker hill ave
02516.jpg,bunker hill ave.,bunker hill ave
02533.jpg,so. bunkex hill ave,bunker hill ave
02522.jpg,bunker hill are,bunker hill ave
02535.jpg,so. bunkey hill ave.,bunker hill ave
02504.jpg,so. bunkex hill ave,bunker hill ave
02526.jpg,bunker hill ave,bunker hill ave
02531.jpg,"so, bunker hill ave",bunker hill ave
02523.jpg,so. bunker hill ave,bunker hill ave
02519.jpg,se bunkey hill ave,bunker hill ave
02511.jpg,3. bunker (fill aus.,bunker hill ave
02518.jpg,bunker hile love,bunker hill ave
02534.jpg,"so, bunkey hill ave",bunker hill ave
02507.jpg,so. bunkex hill ave,bunker hill ave
02537.jpg,bunker hill! ave.,bunker hill ave
02532.jpg,"so, bunker hill ave",bunker hill ave
02527.jpg,bunker hill. avv.,bunker hill ave
02521.jpg,so bunker hill ave,bunker hill ave
02524.jpg,s. bunker will ave,bunker hill ave
02536.jpg,so. bunker hill ave,bunker hill ave
02549.jpg,so. bunker hill ave,bunker hill ave
02547.jpg,"so, bunker hill ave",bunker hill ave
02540.jpg,bunker hell! ave.,bunker hill ave
02545.jpg,bunker hill ave.,bunker hill ave
02551.jpg,"so, bunker hill ave",bunker hill ave
02556.jpg,so bunkey hill ave,bunker hill ave
02541.jpg,bunker hill i ave.,bunker hill ave
02548.jpg,"so, bunkex hill ave",bunker hill ave
02546.jpg,bunker file-tv.,bunker hill ave
02558.jpg,"so, bunker hill ave",bunker hill ave
02542.jpg,"bunker alle ave,
lee",bunker hill ave
02544.jpg,bunker hill ave,bunker hill ave
02552.jpg,banker hill.,bunker hill ave
02557.jpg,so. bunker hill ave,bunker hill ave
02563.jpg,bunker hill ave,bunker hill ave
02554.jpg,s. bunker / fill are,bunker hill ave
02562.jpg,"so, bunker hill ave",bunker hill ave
02553.jpg,bunker hill (,bunker hill ave
02559.jpg,so. bunker hill ave,bunker hill ave
02550.jpg,so. bunker hill ave,bunker hill ave
02568.jpg,bunker hill ave.,bunker hill ave
02564.jpg,"bunker me
vr",bunker hill ave
02566.jpg,bunker hell ave,bunker hill ave
02543.jpg,bunker hell avo.,bunker hill ave
02565.jpg,bunker hele- avv.,bunker hill ave
02569.jpg,bunker hell i ave.,bunker hill ave
02567.jpg,bunker till avr,bunker hill ave
02555.jpg,bunker hill aver,bunker hill ave
02560.jpg,so. bunker hill ave,bunker hill ave
02561.jpg,se. bunker hill ave,bunker hill ave
02570.jpg,bunker hill ave.,bunker hill ave
02572.jpg,bunker hill ave.,bunker hill ave
02571.jpg,bunker fill ave.,bunker hill ave
02539.jpg,bunker hile. ave,bunker hill ave
02538.jpg,bunku hill alve,bunker hill ave
02575.jpg,so bunker hill ave,bunker hill ave
02576.jpg,bunker hill ave,bunker hill ave
02577.jpg,bunker hill ave.,bunker hill ave
02574.jpg,bunker hill ave,bunker hill ave
02573.jpg,bbunker will. ave.,bunker hill ave
02606.jpg,so. bunker hill ave,bunker hill ave
02597.jpg,bunker hill ave,bunker hill ave
02579.jpg,bunker hell ave.,bunker hill ave
02598.jpg,bunker hill ave,bunker hill ave
02592.jpg,bunker hill ave,bunker hill ave
02583.jpg,"bunker hill, over",bunker hill ave
02587.jpg,"5
bunker hill an",bunker hill ave
02582.jpg,bunker hell ave,bunker hill ave
02586.jpg,& bunker hill live,bunker hill ave
02578.jpg,so.bunkey hill ave,bunker hill ave
02591.jpg,bunker hill ve,bunker hill ave
02584.jpg,bunker hill ave.,bunker hill ave
02581.jpg,bunker hill ave.,bunker hill ave
02580.jpg,bunker hill i ave.,bunker hill ave
02588.jpg,bunker hill ave.,bunker hill ave
02602.jpg,bunker hell ave,bunker hill ave
02604.jpg,bunker hill ave.,bunker hill ave
02596.jpg,bunker hill ave,bunker hill ave
02593.jpg,bunker hill ave,bunker hill ave
02589.jpg,bunker hill ave.,bunker hill ave
02595.jpg,bunker hell ave.,bunker hill ave
02599.jpg,bunker hilke awes,bunker hill ave
02585.jpg,bunker hill ave,bunker hill ave
02608.jpg,bunker klee- de,bunker hill ave
02594.jpg,bunker hill-o ave.,bunker hill ave
02603.jpg,"bunker hill
ave",bunker hill ave
02601.jpg,bunker hill ave,bunker hill ave
02609.jpg,bunker hell avg.,bunker hill ave
02607.jpg,bunker hill ave,bunker hill ave
02605.jpg,bunker hill! ave,bunker hill ave
02600.jpg,bunker hill ave.,bunker hill ave
02590.jpg,bunker hill cure.,bunker hill ave
02610.jpg,bunker,bunker hill ave
02613.jpg,bunker will,bunker hill ave
02630.jpg,"so, bunker hill ave",bunker hill ave
02620.jpg,bunker hill avd.,bunker hill ave
02633.jpg,bunker bill. the,bunker hill ave
02624.jpg,bunker nice,bunker hill ave
02619.jpg,bunker hell ave,bunker hill ave
02617.jpg,so. bunkey hill ave.,bunker hill ave
02622.jpg,bunker hill ave,bunker hill ave
02642.jpg,,west
02615.jpg,"bunker hiel air,",bunker hill ave
02616.jpg,bunker hill ave.,bunker hill ave
02639.jpg,bunker hill ave.,bunker hill ave
02626.jpg,bunker hilel,bunker hill ave
02632.jpg,bunker hill ave.,bunker hill ave
02625.jpg,hir hell ave.,bunker hill ave
02635.jpg,so bunker hill ave,bunker hill ave
02634.jpg,bunker hell ave.,bunker hill ave
02627.jpg,bunker hill ave,bunker hill ave
02612.jpg,bunker hill i ave.,bunker hill ave
02631.jpg,bunker hell ave.,bunker hill ave
02628.jpg,bunker fill aver.,bunker hill ave
02623.jpg,bunker hilel,bunker hill ave
02641.jpg,buniken hell ave.,bunker hill ave
02636.jpg,bunker hill ave.,bunker hill ave
02638.jpg,bunker hill ave,bunker hill ave
02611.jpg,bunker hille ave,bunker hill ave
02643.jpg,bunker hill ave,bunker hill ave
02644.jpg,bunker hill ave,bunker hill ave
02640.jpg,bunker hill ave.,bunker hill ave
02645.jpg,bunker thel-ave,bunker hill ave
02650.jpg,bunker hill aven,bunker hill ave
02646.jpg,"so, bunker hill ave",bunker hill ave
02647.jpg,bunker hill ave,bunker hill ave
02652.jpg,bunker hille avd.,bunker hill ave
02651.jpg,so bunker hill ave.,bunker hill ave
02648.jpg,bunker hell! ave.,bunker hill ave
02653.jpg,bunker hill ave,bunker hill ave
02649.jpg,s. bunker hill are,bunker hill ave
02663.jpg,so bunker hill ave,bunker hill ave
02637.jpg,bunker hile- ave.,bunker hill ave
02614.jpg,bunker hill ave,bunker hill ave
02629.jpg,bunker hile ave,bunker hill ave
02654.jpg,bunker hill ave.,bunker hill ave
02661.jpg,"so, bunker hill ave.",bunker hill ave
02658.jpg,bunker kill ave.,bunker hill ave
02671.jpg,banker klee a,bunker hill ave
02657.jpg,bunker hill the,bunker hill ave
02656.jpg,bunker hill! ave.,bunker hill ave
02669.jpg,so bunkey hill ave,bunker hill ave
02677.jpg,bunker hille,bunker hill ave
02660.jpg,"bunker nile fue
wee",bunker hill ave
02659.jpg,bunker hell ave.,bunker hill ave
02675.jpg,"bunker hill ave,",bunker hill ave
02666.jpg,"so, bunker hill ave",bunker hill ave
02673.jpg,bunker hill ave,bunker hill ave
02670.jpg,"bunker hill
e",bunker hill ave
02668.jpg,so bunker hill ave,bunker hill ave
02655.jpg,bunker hill airs.,bunker hill ave
02664.jpg,so bunker hill ave,bunker hill ave
02672.jpg,"bunker hill ai
28.",bunker hill ave
02662.jpg,so. bunker hill ave,bunker hill ave
02674.jpg,bunker hell ave,bunker hill ave
02667.jpg,so. bunker hill ave,bunker hill ave
02676.jpg,,west
02665.jpg,"so, bunker nill ave",bunker hill ave
02678.jpg,bunker will de,bunker hill ave
02681.jpg,so. bunker hill ale,bunker hill ave
02680.jpg,"so, bunkex hill ave",bunker hill ave
02679.jpg,bunker hell ave,bunker hill ave
02682.jpg,so.bunker hill ave,bunker hill ave
02683.jpg,so. bunker hill ave,bunker hill ave
02685.jpg,so. bunker hill ave,bunker hill ave
02687.jpg,5. bunker hill ave,bunker hill ave
02684.jpg,so. bunker hill ave,bunker hill ave
02686.jpg,bunkir,bunker hill ave
02688.jpg,so. bunker hill ave,bunker hill ave
02692.jpg,so bunkey hill ave,bunker hill ave
02711.jpg,so bunker hill ave,bunker hill ave
02689.jpg,"so, bunker hill ave",bunker hill ave
02696.jpg,bunker fill ave.,bunker hill ave
02695.jpg,bunker mile avr,bunker hill ave
02702.jpg,so. bunker hill ave,bunker hill ave
02715.jpg,bunker heel ave.,bunker hill ave
02690.jpg,so. bunker hill ave,bunker hill ave
02716.jpg,bunker hill ave,bunker hill ave
02700.jpg,bunker hill ave.,bunker hill ave
02706.jpg,so.bunker hill are,bunker hill ave
02708.jpg,so. bunker nill ave,bunker hill ave
02693.jpg,bunker hell - ave.,bunker hill ave
02707.jpg,so bunker hill ave.,bunker hill ave
02698.jpg,bunker hill - ave,bunker hill ave
02714.jpg,bunker hill ave,bunker hill ave
02703.jpg,so. bunker hill ave,bunker hill ave
02697.jpg,bunker hile ave,bunker hill ave
02713.jpg,bunker hill ave.,bunker hill ave
02694.jpg,bunker will ave,bunker hill ave
02691.jpg,so. bunker hill se,bunker hill ave
02719.jpg,bunker hill ave.,bunker hill ave
02709.jpg,so bunker hill ave,bunker hill ave
02718.jpg,bunker fill. ave.,bunker hill ave
02710.jpg,so bunker hill ave,bunker hill ave
02704.jpg,so. bunker hill ave,bunker hill ave
02705.jpg,"so, bunkey hill ave",bunker hill ave
02717.jpg,"bun
hille",bunker hill ave
02701.jpg,bunker hike ave.,bunker hill ave
02712.jpg,"so, bunker hill ave",bunker hill ave
02699.jpg,bunker hill! ave.,bunker hill ave
02720.jpg,bunker klee u,bunker hill ave
02724.jpg,so-bonker-hillst,bunker hill ave
02722.jpg,so. bunkex will ave,bunker hill ave
02723.jpg,so. bunker hill ave,bunker hill ave
02721.jpg,bunker hile ve,bunker hill ave
02747.jpg,s. bunkcr hill,bunker hill ave
02729.jpg,"so, bunker hill ave",bunker hill ave
02728.jpg,so. bunker will ave,bunker hill ave
02727.jpg,so.bunker hill ave,bunker hill ave
02726.jpg,so. bunker hill ave,bunker hill ave
02751.jpg,s. bunker hill,bunker hill ave
02732.jpg,bunker hill ave.,bunker hill ave
02735.jpg,bunker hill - ave.,bunker hill ave
02725.jpg,sa. bunker hill ave,bunker hill ave
02766.jpg,s. bunker hillav,bunker hill ave
02743.jpg,s.bunker hi!,bunker hill ave
02738.jpg,s.bunker hill,bunker hill ave
02769.jpg,s. bunker hill,bunker hill ave
02762.jpg,s. bunker hill,bunker hill ave
02731.jpg,so. bunker hill ave,bunker hill ave
02765.jpg,"s. bunkcr hill
s",bunker hill ave
02734.jpg,bunker hill ave.,bunker hill ave
02758.jpg,s. bunker hillav,bunker hill ave
02737.jpg,s. bunker hill,bunker hill ave
02733.jpg,bunker hill aver,bunker hill ave
02736.jpg,banker hill aut,bunker hill ave
02755.jpg,s. bunker hill,bunker hill ave
02750.jpg,s. bunker hill,bunker hill ave
02757.jpg,s.bunker hill,bunker hill ave
02744.jpg,s.bunker hill,bunker hill ave
02768.jpg,s. bunker hill,bunker hill ave
02770.jpg,s. bunker hill,bunker hill ave
02771.jpg,s. bunker hill,bunker hill ave
02761.jpg,s.bunker hi11,bunker hill ave
02730.jpg,so. bunker hill ave,bunker hill ave
02745.jpg,s. bunker hill,bunker hill ave
02773.jpg,s. bunker hill ave,bunker hill ave
02776.jpg,s. bunker hill,bunker hill ave
02774.jpg,s. bunker hillf,bunker hill ave
02785.jpg,s. bunker hill ave.,bunker hill ave
02801.jpg,s. bunker hill,bunker hill ave
02787.jpg,s. bunker hill,bunker hill ave
02810.jpg,s. bunker hilla,bunker hill ave
02822.jpg,s. bunker hill ave,bunker hill ave
02778.jpg,s. bunker hi,bunker hill ave
02791.jpg,s. bunker hill,bunker hill ave
02814.jpg,s.bunker hill,bunker hill ave
02823.jpg,s.bunker hill,bunker hill ave
02816.jpg,s. bunker hill,bunker hill ave
02802.jpg,s. bunker hill,bunker hill ave
02780.jpg,s. bunker hi/lae,bunker hill ave
02790.jpg,s. bunker hill,bunker hill ave
02817.jpg,s.bunker hill,bunker hill ave
02812.jpg,"s.bunker hill
st",bunker hill ave
02821.jpg,s. bunker hill ave,bunker hill ave
02809.jpg,s. bunker hill,bunker hill ave
02786.jpg,s. bunker hill ave.,bunker hill ave
02779.jpg,s.bunkcr hill,bunker hill ave
02781.jpg,s. bunker hill,bunker hill ave
02796.jpg,s. bunker hill,bunker hill ave
02829.jpg,s. bunker hill,bunker hill ave
02824.jpg,s. bunker hill,bunker hill ave
02800.jpg,s bunker hill ave.,bunker hill ave
02804.jpg,s. bunkcr hill,bunker hill ave
02806.jpg,s bunker hill aves,bunker hill ave
02777.jpg,s. bunker hill,bunker hill ave
02788.jpg,s. bunker hill,bunker hill ave
02827.jpg,s. bunker hill,bunker hill ave
02789.jpg,s. bunker hill,bunker hill ave
02828.jpg,s. bunker hill,bunker hill ave
02835.jpg,s. bunker 115,bunker hill ave
02837.jpg,s. bunker hill,bunker hill ave
02840.jpg,s.bunkor hill,bunker hill ave
02832.jpg,s. bunker hill,bunker hill ave
02851.jpg,s. bunker hill,bunker hill ave
02846.jpg,s. bunker hill,bunker hill ave
02844.jpg,s.bunker hill,bunker hill ave
02843.jpg,s.bunker hill,bunker hill ave
02836.jpg,s. bunker hill,bunker hill ave
02842.jpg,"s.bunker hill
st",bunker hill ave
02854.jpg,s. bunker hill,bunker hill ave
02792.jpg,s. bunker hill,bunker hill ave
