index,street_raw,street,race_of_household
00005.jpg,do. flower,flower,white
00010.jpg,west second,west,white
00033.jpg,west decond,west,white
00022.jpg,so. flower,flower,mexican
00014.jpg,swe,west,white
00031.jpg,west second,west,white
00021.jpg,-west second.,west,white
00034.jpg,do. i lower.,flower,white
00002.jpg,west second.,west,white
00019.jpg,west second.,west,white
00028.jpg,west second,west,white
00001.jpg,so. flower,flower,white
00025.jpg,"i
lower.",flower,white
00030.jpg,do. flower.,flower,mexican
00018.jpg,so. flower,flower,white
00004.jpg,west decond.,west,white
00020.jpg,so. i lower,flower,white
00026.jpg,west first.,west,white
00003.jpg,jo. i lower.,flower,white
00012.jpg,as. flower,flower,white
00032.jpg,south flower,flower,white
00008.jpg,flower,flower,white
00027.jpg,,west,white
00029.jpg,,west,white
00017.jpg,so. flower.,flower,white
00006.jpg,do. flower.,flower,white
00016.jpg,i low,flower,white
00023.jpg,do. i lower,flower,white
00009.jpg,i lower,flower,white
00000.jpg,flowe,flower,white
00007.jpg,south flower,flower,white
00024.jpg,so. i lower.,flower,white
00036.jpg,west second,west,white
00035.jpg,so. flower,flower,white
00062.jpg,jo. flower,flower,white
00068.jpg,so. i lower,flower,white
00064.jpg,so. flower,flower,white
00042.jpg,10. flower,flower,white
00060.jpg,so. flower,flower,white
00059.jpg,so. i lover,flower,white
00052.jpg,to. flower,flower,white
00056.jpg,"so. i love
ver",flower,white
00046.jpg,west second,west,white
00050.jpg,"so
flo",flower,white
00048.jpg,flower,flower,white
00070.jpg,so. flower,flower,white
00051.jpg,so. i lower,flower,white
00063.jpg,west zirst.,west,white
00037.jpg,"so. i lower.
e",flower,white
00040.jpg,so. flower,flower,white
00053.jpg,west second,west,white
00044.jpg,so. flower,flower,white
00045.jpg,so. flower,flower,white
00066.jpg,so. flower,flower,white
00065.jpg,west second,west,white
00055.jpg,west second,west,white
00057.jpg,west first,west,white
00049.jpg,so. i lowe,flower,white
00043.jpg,west second,west,white
00058.jpg,flower,flower,white
00069.jpg,flower,flower,white
00047.jpg,so. fluver,flower,white
00067.jpg,i lover,flower,white
00061.jpg,so. i lower,flower,white
00041.jpg,so. flower,flower,white
00038.jpg,west second,west,white
00071.jpg,so. flower,flower,white
00073.jpg,flower,flower,white
00078.jpg,so. i lower.,flower,mexican
00076.jpg,west second.,west,white
00083.jpg,"le
flower",flower,white
00079.jpg,lower,flower,white
00074.jpg,west second.,west,white
00096.jpg,do. ilower,flower,white
00098.jpg,so. i lower.,flower,white
00080.jpg,ve,west,white
00101.jpg,west second.,west,white
00097.jpg,west second,west,white
00088.jpg,"1o.
flower",flower,white
00094.jpg,flower.,flower,white
00075.jpg,flower,flower,white
00089.jpg,so. flower,flower,white
00084.jpg,flower,flower,white
00085.jpg,so. i lower.,flower,white
00090.jpg,so. flower.,flower,white
00095.jpg,west second.,west,white
00087.jpg,so. ilan,bunker hill ave,white
00091.jpg,,west,white
00092.jpg,so. i lower,flower,white
00102.jpg,jo. i lower.,flower,white
00103.jpg,west second,west,white
00099.jpg,south flower,flower,white
00082.jpg,flower,flower,white
00072.jpg,south flower,flower,white
00077.jpg,so. flower,flower,white
00093.jpg,sa. flower,flower,mexican
00081.jpg,10. i lower,flower,white
00086.jpg,so. i lower.,flower,white
00106.jpg,so. flower,flower,white
00107.jpg,lower,flower,white
00108.jpg,so. i lowe,flower,white
00104.jpg,do. flower,flower,white
00105.jpg,flower.,flower,white
00110.jpg,so. flower,flower,white
00109.jpg,west decond.,west,white
00126.jpg,so. flower,flower,white
00113.jpg,"le
flower",flower,white
00114.jpg,sa. flower,flower,mexican
00121.jpg,west first.,west,white
00124.jpg,so. i lower,flower,white
00133.jpg,do. i lower.,flower,white
00115.jpg,,west,white
00117.jpg,so. flower.,flower,white
00111.jpg,so. flower.,flower,white
00129.jpg,west second.,west,white
00139.jpg,flower,flower,white
00138.jpg,south flower,flower,white
00141.jpg,flower,flower,white
00131.jpg,west decond,west,white
00135.jpg,so. flower,flower,white
00130.jpg,so. flower,flower,white
00142.jpg,so. flower,flower,white
00134.jpg,west second,west,white
00116.jpg,do. flower.,flower,white
00140.jpg,west second,west,white
00143.jpg,west second,west,white
00125.jpg,,west,white
00120.jpg,west second,west,white
00132.jpg,to. flower,flower,white
00122.jpg,so. flower,flower,mexican
00119.jpg,do. ilower,flower,white
00128.jpg,west zirst.,west,white
00123.jpg,so. i lover,flower,white
00137.jpg,so. i lower,flower,white
00127.jpg,ve,west,white
00136.jpg,west second,west,white
00112.jpg,west second,west,white
00144.jpg,"i
lower.",flower,white
00146.jpg,jo. flower,flower,white
00150.jpg,west second,west,white
00147.jpg,10. flower,flower,white
00145.jpg,flower,flower,white
00149.jpg,so. flower,flower,white
00148.jpg,so. i lower.,flower,white
00165.jpg,so. flower,flower,white
00155.jpg,so. flower,flower,white
00169.jpg,west second.,west,white
00163.jpg,"so
flo",flower,white
00171.jpg,west second.,west,white
00177.jpg,flower,flower,white
00168.jpg,so. i lower.,flower,white
00158.jpg,so. i lower,flower,white
00153.jpg,so. flower,flower,white
00178.jpg,"so. i love
ver",flower,white
00151.jpg,"so. i lower.
e",flower,white
00160.jpg,west second,west,white
00174.jpg,swe,west,white
00157.jpg,do. i lower,flower,white
00154.jpg,flowe,flower,white
00159.jpg,south flower,flower,white
00173.jpg,do. flower.,flower,mexican
00152.jpg,west second,west,white
00167.jpg,west second,west,white
00181.jpg,so. i lower,flower,white
00179.jpg,so. ilan,bunker hill ave,white
00162.jpg,i lover,flower,white
00182.jpg,flower,flower,white
00161.jpg,flower,flower,white
00164.jpg,"1o.
flower",flower,white
00156.jpg,so. i lower.,flower,white
00176.jpg,so. i lower,flower,white
00180.jpg,so. i lower.,flower,white
00166.jpg,so. fluver,flower,white
00183.jpg,,west,white
00184.jpg,as. flower,flower,white
00185.jpg,10. i lower,flower,white
00199.jpg,so. i lower,flower,white
00188.jpg,west first,west,white
00186.jpg,flower,flower,white
00192.jpg,west second.,west,white
00196.jpg,so. i lower.,flower,white
00200.jpg,west second,west,white
00205.jpg,flower,flower,white
00198.jpg,west second.,west,white
00214.jpg,so. ilan,bunker hill ave,white
00187.jpg,so. i lower.,flower,mexican
00190.jpg,-west second.,west,white
00194.jpg,flower,flower,white
00210.jpg,so. flower,flower,white
00201.jpg,south flower,flower,white
00206.jpg,west second,west,white
00204.jpg,flower.,flower,white
00217.jpg,so. i lower,flower,white
00211.jpg,do. flower.,flower,white
00212.jpg,so. i lower.,flower,white
00207.jpg,west second,west,white
00197.jpg,so. flower,flower,white
00191.jpg,so. flower,flower,white
00193.jpg,so. flower,flower,white
00189.jpg,so. flower,flower,white
00203.jpg,west second,west,white
00213.jpg,as. flower,flower,white
00209.jpg,so. flower,flower,white
00208.jpg,so. flower,flower,white
00202.jpg,so. i lower.,flower,white
00216.jpg,jo. i lower.,flower,white
00195.jpg,i lover,flower,white
00215.jpg,so. flower,flower,white
00229.jpg,do. flower.,flower,mexican
00224.jpg,south flower,flower,white
00221.jpg,so. flower,flower,white
00236.jpg,so. flower,flower,white
00225.jpg,to. flower,flower,white
00226.jpg,sa. flower,flower,mexican
00230.jpg,so. flower,flower,white
00243.jpg,do. i lower,flower,white
00223.jpg,i low,flower,white
00222.jpg,do. i lower.,flower,white
00234.jpg,so. flower,flower,mexican
00228.jpg,,west,white
00232.jpg,so. i lower,flower,white
00218.jpg,west first,west,white
00233.jpg,so. flower,flower,white
00237.jpg,so. flower,flower,white
00227.jpg,jo. flower,flower,white
00220.jpg,flower,flower,white
00250.jpg,do. flower,flower,white
00235.jpg,flowe,flower,white
00249.jpg,flower,flower,white
00238.jpg,so. i lower.,flower,white
00247.jpg,,west,white
00245.jpg,so. i lower.,flower,mexican
00251.jpg,so. flower,flower,white
00246.jpg,ve,west,white
00239.jpg,do. ilower,flower,white
00248.jpg,10. i lower,flower,white
00241.jpg,flower,flower,white
00252.jpg,"1o.
flower",flower,white
00240.jpg,so. flower,flower,white
00242.jpg,"so. i love
ver",flower,white
00265.jpg,west zirst.,west,white
00256.jpg,"le
flower",flower,white
00261.jpg,so. i lowe,flower,white
00259.jpg,so. i lower,flower,white
00277.jpg,west second,west,white
00262.jpg,swe,west,white
00275.jpg,west second,west,white
00279.jpg,west second,west,white
00269.jpg,,west,white
00272.jpg,lower,flower,white
00253.jpg,i lower,flower,white
00271.jpg,so. flower,flower,white
00284.jpg,west second.,west,white
00274.jpg,west second,west,white
00268.jpg,so. i lower,flower,white
00255.jpg,so. flower.,flower,white
00273.jpg,"so
flo",flower,white
00276.jpg,west decond,west,white
00254.jpg,so. fluver,flower,white
00258.jpg,south flower,flower,white
00267.jpg,flower,flower,white
00278.jpg,so. flower.,flower,white
00264.jpg,west first.,west,white
00286.jpg,so. flower,flower,white
00285.jpg,so. i lover,flower,white
00263.jpg,flower,flower,white
00281.jpg,west second.,west,white
00260.jpg,"i
lower.",flower,white
00257.jpg,flower,flower,white
00270.jpg,"so. i lower.
e",flower,white
00266.jpg,10. flower,flower,white
00280.jpg,west second,west,white
00289.jpg,west second.,west,white
00290.jpg,west second.,west,white
00287.jpg,west second,west,white
00293.jpg,so. flower,flower,white
00292.jpg,-west second.,west,white
00295.jpg,west second,west,white
00291.jpg,west second,west,white
00296.jpg,do. ilower,flower,white
00310.jpg,flower.,flower,white
00302.jpg,lower,flower,white
00318.jpg,flower,flower,white
00320.jpg,so. i lowe,flower,white
00299.jpg,so. flower,flower,white
00314.jpg,west second.,west,white
00307.jpg,,west,white
00311.jpg,so. i lower.,flower,white
00327.jpg,so. flower,flower,white
00308.jpg,south flower,flower,white
00315.jpg,so. i lower.,flower,mexican
00326.jpg,west second,west,white
00316.jpg,flowe,flower,white
00325.jpg,south flower,flower,white
00309.jpg,10. flower,flower,white
00321.jpg,west second,west,white
00304.jpg,so. flower,flower,white
00313.jpg,so. flower.,flower,white
00303.jpg,west second,west,white
00298.jpg,so. flower,flower,white
00301.jpg,flower,flower,white
00322.jpg,,west,white
00323.jpg,sa. flower,flower,mexican
00324.jpg,west second,west,white
00306.jpg,west second.,west,white
00312.jpg,west second,west,white
00305.jpg,as. flower,flower,white
00317.jpg,so. i lower.,flower,white
00300.jpg,ve,west,white
00331.jpg,west second,west,white
00329.jpg,west decond,west,white
00328.jpg,do. i lower.,flower,white
00359.jpg,to. flower,flower,white
00352.jpg,i lover,flower,white
00346.jpg,so. flower,flower,white
00358.jpg,west second,west,white
00339.jpg,so. i lover,flower,white
00345.jpg,so. i lower,flower,white
00357.jpg,so. flower,flower,white
00338.jpg,so. fluver,flower,white
00335.jpg,west zirst.,west,white
00351.jpg,jo. flower,flower,oriental
00354.jpg,flower,flower,white
00342.jpg,flower,flower,white
00336.jpg,"le
flower",flower,white
00362.jpg,swe,west,white
00356.jpg,west first.,west,white
00350.jpg,west first,west,white
00334.jpg,south flower,flower,white
00348.jpg,jo. i lower.,flower,white
00333.jpg,so. i lower,flower,white
00355.jpg,,west,white
00332.jpg,do. flower.,flower,mexican
00344.jpg,"i
lower.",flower,white
00340.jpg,west second,west,white
00363.jpg,so. flower,flower,white
00337.jpg,west second,west,white
00361.jpg,so. flower,flower,white
00343.jpg,"1o.
flower",flower,white
00349.jpg,"so. i love
ver",flower,white
00360.jpg,so. i lower.,flower,white
00341.jpg,so. flower,flower,white
00353.jpg,so. flower,flower,white
00347.jpg,west second.,west,white
00369.jpg,west second.,west,white
00368.jpg,so. i lower,flower,white
00364.jpg,"so. i lower.
e",flower,white
00366.jpg,so. flower,flower,white
00365.jpg,west second,west,white
00386.jpg,so. i lower,flower,white
00393.jpg,west first,west,white
00390.jpg,flower,flower,white
00397.jpg,west first,west,oriental
00394.jpg,west first,west,white
00377.jpg,i lower,flower,white
00382.jpg,flower,flower,white
00392.jpg,flower,flower,white
00389.jpg,-west second.,west,white
00396.jpg,so. figueroa,figueroa,white
00387.jpg,so. flower,flower,mexican
00372.jpg,i low,flower,white
00380.jpg,so. i lower.,flower,white
00371.jpg,so. flower,flower,white
00376.jpg,so. flower,flower,white
00383.jpg,flower,flower,white
00374.jpg,west second,west,white
00395.jpg,fo. figueroa,figueroa,white
00381.jpg,so. i lower,flower,white
00379.jpg,do. flower.,flower,white
00378.jpg,"so
flo",flower,white
00370.jpg,so. flower.,flower,white
00375.jpg,do. flower,flower,white
00384.jpg,10. i lower,flower,white
00391.jpg,west second.,west,white
00373.jpg,do. i lower,flower,white
00385.jpg,so. ilan,bunker hill ave,white
00401.jpg,west first,west,white
00399.jpg,-west first,west,white
00402.jpg,do. figueroa.,figueroa,white
00400.jpg,west first,west,white
00398.jpg,so. digueroa.,figueroa,white
00403.jpg,so. digueroo.,figueroa,white
00417.jpg,west first,west,white
00424.jpg,west first.,west,mexican
00428.jpg,"10. figueron.
o.",figueroa,white
00408.jpg,west first.,west,white
00423.jpg,digueroa,figueroa,white
00420.jpg,so. digueroa,figueroa,oriental
00410.jpg,west first,west,white
00414.jpg,west first,west,mexican
00409.jpg,do. sigueroa,figueroa,white
00430.jpg,so. diqueron,figueroa,white
00426.jpg,west first.,west,white
00421.jpg,west first,west,white
00415.jpg,west first,west,white
00431.jpg,west first,west,white
00404.jpg,so. figueroa,figueroa,white
00411.jpg,30. figueroa.,figueroa,white
00405.jpg,so. fiqueroa.,figueroa,white
00413.jpg,so. fiqueroa.,figueroa,white
00427.jpg,west first,west,white
00407.jpg,"west
first",west,white
00422.jpg,west first,west,white
00419.jpg,west dicat.,west,white
00406.jpg,west first,west,white
00429.jpg,west first,west,oriental
00434.jpg,west first.,west,white
00416.jpg,west first,west,white
00418.jpg,weat first,west,mexican
00436.jpg,so. fiqueron.,figueroa,mexican
00432.jpg,west first,west,white
00425.jpg,50. figueroa.,figueroa,white
00412.jpg,so. diqueron,figueroa,white
00435.jpg,west first.,west,white
00438.jpg,west first,west,white
00437.jpg,west first.,west,oriental
00439.jpg,5o. figueroa.,figueroa,white
00440.jpg,west first,west,white
00462.jpg,west first,west,white
00451.jpg,west first.,west,white
00441.jpg,so. digueroa.,figueroa,white
00461.jpg,west first,west,white
00453.jpg,west first,west,white
00452.jpg,west first,west,white
00471.jpg,so. figueroa,figueroa,white
00464.jpg,west first,west,white
00463.jpg,10. digueroa.,figueroa,white
00473.jpg,west first,west,white
00467.jpg,west first,west,white
00447.jpg,west first,west,white
00450.jpg,-west first,west,mexican
00457.jpg,west first.,west,white
00469.jpg,west first,west,white
00448.jpg,so. fiqueroa.,figueroa,white
00472.jpg,west fiest,west,white
00442.jpg,west first,west,white
00465.jpg,west first,west,white
00460.jpg,west first,west,white
00468.jpg,50. figueroa.,figueroa,white
00456.jpg,west first,west,mexican
00446.jpg,so. fiqueroa.,figueroa,white
00455.jpg,west first.,west,white
00454.jpg,west first,west,white
00459.jpg,west first,west,white
00466.jpg,so. idqueroa.,figueroa,white
00443.jpg,west first,west,mexican
00470.jpg,so. figueroa,figueroa,white
00445.jpg,west first,west,mexican
00458.jpg,so. fiqueroa.,figueroa,white
00449.jpg,west dirst.,west,white
00474.jpg,west first.,west,white
00475.jpg,west first.,west,white
00476.jpg,so. digueroa,figueroa,white
00477.jpg,west first,west,white
00478.jpg,west first,west,white
00479.jpg,so. figueroa.,figueroa,white
00490.jpg,west first,west,oriental
00504.jpg,"west.
first",west,white
00480.jpg,west first,west,white
00486.jpg,west first,west,white
00499.jpg,west first,west,white
00485.jpg,west first,west,mexican
00497.jpg,"west
irst",west,white
00496.jpg,flower,flower,white
00487.jpg,west firat.,west,white
00489.jpg,so. figueroa,figueroa,white
00488.jpg,so. figueroa.,figueroa,white
00502.jpg,so. flower.,flower,white
00494.jpg,1o. figueroa,figueroa,white
00503.jpg,west first,west,mexican
00508.jpg,figueroa,figueroa,white
00500.jpg,so. flower,flower,white
00491.jpg,so. fiqueron,figueroa,white
00505.jpg,first,figueroa,white
00495.jpg,west first.,west,white
00492.jpg,west first,west,white
00484.jpg,-west first,west,mexican
00483.jpg,digueroa,figueroa,white
00498.jpg,flower,flower,white
00509.jpg,so. flower,flower,white
00501.jpg,so 7 lower,flower,white
00493.jpg,so. flower,flower,white
00482.jpg,west first,west,oriental
00507.jpg,flower.,flower,white
00481.jpg,west first,west,mexican
00506.jpg,west first,west,white
00510.jpg,"west
first",west,white
00511.jpg,jo. i lower,flower,white
00513.jpg,so. flower.,flower,mexican
00514.jpg,west first,west,white
00512.jpg,west first,west,white
00522.jpg,0. flowe,flower,white
00532.jpg,do. fiqueroa,figueroa,white
00528.jpg,"so
lower.",flower,white
00543.jpg,flower,flower,mexican
00523.jpg,figueroa,figueroa,oriental
00520.jpg,so. flower,flower,white
00524.jpg,west first.,west,white
00540.jpg,"west.
first",west,white
00545.jpg,west first.,west,white
00517.jpg,"west
first",west,white
00548.jpg,po flower.,flower,white
00519.jpg,so. figueroa.,figueroa,white
00538.jpg,i lower,flower,white
00541.jpg,so flower.,flower,white
00539.jpg,west first,west,white
00537.jpg,west first.,west,white
00521.jpg,west first,west,white
00549.jpg,west first,west,white
00525.jpg,so. flower,flower,white
00533.jpg,flower.,flower,white
00531.jpg,west first,west,white
00529.jpg,west first,west,white
00534.jpg,west first,west,white
00527.jpg,lower.,flower,white
00535.jpg,so. diqueroa.,figueroa,mexican
00516.jpg,so. flower,flower,white
00546.jpg,lower,flower,white
00515.jpg,so figueroa.,figueroa,white
00526.jpg,west first,west,white
00542.jpg,west first,west,white
00547.jpg,west first,west,white
00554.jpg,so. i lower.,flower,white
00551.jpg,so. figueroa.,figueroa,white
00557.jpg,figuero,figueroa,white
00553.jpg,so. i lower.,flower,white
00550.jpg,"0
flower",flower,white
00556.jpg,so flower,flower,white
00552.jpg,so. i lewer.,flower,white
00555.jpg,5o. i lower.,flower,white
00536.jpg,6. flowe,flower,mexican
00570.jpg,"flow
ower",flower,white
00558.jpg,eo. i lower.,flower,white
00571.jpg,west first.,west,white
00567.jpg,west first,west,white
00574.jpg,so flower,flower,white
00564.jpg,"west
first",west,white
00561.jpg,west first,west,white
00573.jpg,so. figueroa.,figueroa,white
00576.jpg,flower.,flower,white
00579.jpg,so. i lower.,flower,white
00577.jpg,west first,west,white
00565.jpg,west first,west,white
00578.jpg,flower.,flower,white
00568.jpg,"2 flower
7",flower,white
00559.jpg,"""west first.",west,white
00589.jpg,west first,west,white
00581.jpg,west first.,west,white
00569.jpg,west first,west,white
00583.jpg,flower,flower,white
00586.jpg,"so, flower",flower,white
00585.jpg,flower,flower,white
00588.jpg,"so. fiqueron.
7",figueroa,white
00575.jpg,80 flower,flower,white
00563.jpg,so. hower.,flower,mexican
00582.jpg,so. i lower.,flower,white
00584.jpg,west first,west,white
00587.jpg,jo. flower,flower,white
00566.jpg,so. i lower.,flower,white
00580.jpg,"west
first",west,white
00562.jpg,so. flower,flower,white
00572.jpg,"west
first",west,white
00560.jpg,10. flowe,flower,white
00591.jpg,so. ilawver.,flower,white
00594.jpg,s. clay,clay,white
00590.jpg,west first,west,white
00596.jpg,clay,clay,white
00593.jpg,"so, i lower.",flower,white
00607.jpg,,west,white
00595.jpg,hers,west,white
00623.jpg,clay,clay,white
00610.jpg,chay,clay,white
00600.jpg,clay,clay,white
00602.jpg,clay,clay,white
00599.jpg,chay,clay,white
00615.jpg,s. clay,clay,white
00618.jpg,clay,clay,white
00622.jpg,s. clay,clay,white
00597.jpg,clay,clay,white
00617.jpg,clay,clay,white
00592.jpg,west first,west,white
00603.jpg,s. clay,clay,white
00614.jpg,s. clay,clay,white
00605.jpg,clay,clay,white
00609.jpg,clay,clay,white
00608.jpg,chay,clay,white
00619.jpg,clay,clay,white
00611.jpg,2/2,west,white
00620.jpg,the 15,hope,white
00626.jpg,clay,clay,white
00621.jpg,clay,clay,white
00625.jpg,clay,clay,white
00624.jpg,clay,clay,white
00616.jpg,clay,clay,white
00613.jpg,"clay
(south",clay,white
00628.jpg,clay,clay,white
00612.jpg,clay,clay,white
00606.jpg,clay,clay,white
00627.jpg,hoto,hope,white
00632.jpg,@bay,clay,white
00633.jpg,clay,clay,white
00634.jpg,clay,clay,white
00638.jpg,chay,clay,white
00641.jpg,clay st.,clay,white
00646.jpg,chay,clay,white
00636.jpg,chay,clay,white
00639.jpg,chax,clay,white
00645.jpg,"chay
l",clay,white
00635.jpg,clay,clay,white
00643.jpg,clay,clay,white
00642.jpg,clay,clay,white
00647.jpg,clay,clay,white
00637.jpg,clay,clay,white
00640.jpg,clay,clay,white
00652.jpg,chay,clay,white
00649.jpg,clay,clay,white
00653.jpg,clay,clay,white
00651.jpg,clay,clay,white
00648.jpg,clay,clay,white
00665.jpg,chay,clay,white
00660.jpg,clay st.,clay,white
00667.jpg,clay,clay,white
00662.jpg,clay,clay,white
00669.jpg,clay,clay,white
00656.jpg,help,hope,white
00654.jpg,chay,clay,white
00655.jpg,clay st.,clay,white
00661.jpg,clay,clay,white
00657.jpg,clay,clay,white
00668.jpg,chay,clay,white
00663.jpg,chay,clay,white
00666.jpg,hep,hope,white
00670.jpg,heto,west,white
00659.jpg,chay,clay,white
00658.jpg,teto,west,white
00664.jpg,clay,clay,white
00683.jpg,10. flowve,flower,
00692.jpg,so. figueroa,figueroa,
00674.jpg,clay,clay,white
00673.jpg,clay,clay,white
00680.jpg,clay,clay,white
00677.jpg,clay,clay,white
00682.jpg,so. fiqueron.,figueroa,
00676.jpg,clay,clay,white
00672.jpg,chay,clay,white
00678.jpg,chay,clay,white
00675.jpg,s. clay,clay,white
00679.jpg,clay,clay,white
00689.jpg,alpine st,west,
00671.jpg,chay,clay,white
00681.jpg,so. hower,flower,
00693.jpg,figueroa,figueroa,
00695.jpg,"sflower,",flower,white
00696.jpg,30. flower,flower,white
00694.jpg,50.flower,flower,white
00704.jpg,so. flower,flower,white
00698.jpg,flower st,flower,white
00702.jpg,so. flower,flower,white
00701.jpg,s.flower,flower,white
00700.jpg,so. flowery se,flower,white
00699.jpg,so flower st,flower,white
00706.jpg,flower,flower,white
00705.jpg,0.,west,white
00708.jpg,so. flower,flower,white
00709.jpg,50. flower,flower,white
00711.jpg,so.flower,flower,white
00710.jpg,5o. flower.,flower,white
00707.jpg,flower,flower,white
00723.jpg,so flower,flower,white
00719.jpg,s. flower,flower,white
00724.jpg,so. flower st.,flower,white
00720.jpg,so flower,flower,white
00718.jpg,flower se,flower,white
00713.jpg,so. flower,flower,white
00729.jpg,so. flower st.,flower,white
00726.jpg,"so, i lower.",flower,white
00728.jpg,mops,hope,white
00730.jpg,so. flower,flower,white
00725.jpg,so. flower,flower,white
00717.jpg,50. flower,flower,white
00712.jpg,s. flower,flower,white
00721.jpg,so. flower st.,flower,white
00722.jpg,"s.flower
s",flower,white
00715.jpg,so. flower st.,flower,white
00731.jpg,sa flower st,flower,white
00732.jpg,so. flower,flower,white
00734.jpg,so. flower st,flower,white
00737.jpg,so. flower st,flower,white
00740.jpg,so. flower,flower,white
00744.jpg,"so. flower, st.",flower,white
00738.jpg,30. flower st.,flower,white
00735.jpg,flower se,flower,white
00733.jpg,s.flower,flower,white
00736.jpg,so. flower str,flower,white
00745.jpg,so. flower,flower,white
00748.jpg,so. flower. st.,flower,white
00743.jpg,sa flowe st.,flower,white
00747.jpg,so. flower,flower,white
00746.jpg,soflower,flower,white
00741.jpg,flower str,flower,white
00752.jpg,50. flower,flower,white
00753.jpg,so. i lower.,flower,white
00751.jpg,so. flowe. st,flower,white
00749.jpg,flower st,flower,white
00750.jpg,50. flower,flower,white
00755.jpg,so. flower,flower,white
00757.jpg,so. flower st.,flower,white
00756.jpg,s. flower,flower,white
00760.jpg,so. flower,flower,white
00758.jpg,"-so. flower
st",flower,white
00764.jpg,50. flower st,flower,white
00762.jpg,so. flower st,flower,white
00767.jpg,so. flowej st.,flower,white
00765.jpg,flowers,flower,white
00759.jpg,so. flow r,flower,white
00766.jpg,so. flower st.,flower,white
00761.jpg,"s. flower
n",flower,white
00772.jpg,"so, flower",flower,white
00776.jpg,s. flower,flower,white
00788.jpg,"s. flower
s",flower,white
00774.jpg,s.flower,flower,
00783.jpg,so. flower st,flower,white
00789.jpg,so. flower st,flower,white
00787.jpg,flower se,flower,white
00779.jpg,so. flower s,flower,white
00780.jpg,so. flower,flower,white
00790.jpg,flower se,flower,white
00778.jpg,30 flower st,flower,white
00773.jpg,sd. fhower,flower,white
00771.jpg,s. flower,flower,white
00770.jpg,s. flower,flower,white
00785.jpg,so.flower,flower,white
00782.jpg,flower,flower,white
00791.jpg,so. flower st.,flower,white
00784.jpg,so. flower st.,flower,white
00775.jpg,so. flower,flower,white
00769.jpg,so. flower,flower,white
00799.jpg,ilower.,flower,white
00800.jpg,sp. flower sf,flower,white
00798.jpg,so. flower,flower,white
00801.jpg,so. flower,flower,white
00794.jpg,bo.flower,flower,white
00792.jpg,"selower
s",flower,white
00793.jpg,so. flower st.,flower,white
00802.jpg,so.flower,flower,white
00795.jpg,so. flower,flower,white
00797.jpg,"so
flower",flower,white
00805.jpg,so. flower,flower,white
00803.jpg,so. flower st,flower,white
00809.jpg,s. flower,flower,white
00806.jpg,so. flower st.,flower,white
00814.jpg,s. flower,flower,white
00811.jpg,"so.flo wer
st",flower,white
00808.jpg,flower f,flower,white
00823.jpg,s. flower,flower,white
00822.jpg,"so. flower
s.t.",flower,white
00815.jpg,s. flowpr,flower,white
00839.jpg,flower,flower,white
00819.jpg,so. flower st.,flower,white
00840.jpg,so flower st.,flower,white
00827.jpg,so. flower st,flower,white
00837.jpg,50. flower,flower,white
00825.jpg,so. flower,flower,white
00831.jpg,so. flower,flower,white
00832.jpg,s. flowcr,flower,white
00845.jpg,s. flower,flower,white
00818.jpg,s. flower,flower,white
00820.jpg,"s. flow cr
v",flower,white
00828.jpg,50. flower st,flower,white
00835.jpg,so. flower st.,flower,white
00816.jpg,s. flower,flower,white
00841.jpg,flowers,flower,white
00810.jpg,so. flower st.,flower,white
00813.jpg,s. flower.,flower,white
00844.jpg,so flower st.,flower,white
00817.jpg,"50.flower
st",flower,white
00829.jpg,so flower st.,flower,white
00834.jpg,flower,flower,white
00833.jpg,so. flower st,flower,white
00842.jpg,so. flower,flower,white
00821.jpg,flower sf,flower,white
00846.jpg,so flower.,flower,white
00849.jpg,so. flower st,flower,white
00847.jpg,flower,flower,white
00857.jpg,so.flower,flower,white
00858.jpg,sp. floweet.,flower,white
00850.jpg,50. flower st,flower,white
00852.jpg,so. flower,flower,white
00853.jpg,flower,flower,white
00859.jpg,so.flower,flower,white
00856.jpg,so. flower st.,flower,white
00869.jpg,so. flower,flower,white
00867.jpg,so. flower,flower,white
00860.jpg,so flower,flower,white
00866.jpg,so flower,flower,white
00870.jpg,"do.
flower",flower,white
00863.jpg,so. flower st,flower,white
00865.jpg,s. flower,flower,white
00862.jpg,so. flower,flower,white
00864.jpg,so. flower st,flower,mexican
00871.jpg,50. flower,flower,white
00877.jpg,30. flower,flower,white
00898.jpg,"s. flower
n",flower,white
00887.jpg,flower se,flower,white
00878.jpg,so. flower st,flower,white
00874.jpg,flower,flower,white
00889.jpg,so flower sf.,flower,white
00888.jpg,flower se,flower,white
00875.jpg,"so. flower
st",flower,white
00876.jpg,"so. flower
st",flower,white
00881.jpg,so. flower.,flower,white
00873.jpg,so. flower,flower,white
00893.jpg,so flower,flower,oriental
00884.jpg,50. flower,flower,white
00872.jpg,sp. flower st.,flower,white
00886.jpg,sp. flowe - st.,flower,white
00882.jpg,so. flower st.,flower,white
00895.jpg,so flower,flower,white
00879.jpg,flower se,flower,white
00894.jpg,so. flower,flower,white
00900.jpg,"s.flower
s",flower,white
00897.jpg,50. flower,flower,white
00901.jpg,so. flower,flower,white
00908.jpg,so flower st,flower,white
00906.jpg,so. flower,flower,white
00914.jpg,80. i lower.,flower,white
00913.jpg,so. flower,flower,white
00907.jpg,so flower st.,flower,white
00918.jpg,so. flower st,flower,white
00917.jpg,50. flower,flower,white
00903.jpg,so. flower st,flower,white
00912.jpg,50. flower,flower,white
00902.jpg,50. flower,flower,white
00904.jpg,so. flower,flower,white
00905.jpg,s. flower,flower,white
00911.jpg,so-flower,flower,white
00910.jpg,flower,flower,white
00909.jpg,so. flower,flower,white
00915.jpg,so. flower st,flower,white
00921.jpg,so. flower,flower,white
00922.jpg,so. flower,flower,white
00923.jpg,90.flower st.,flower,white
00933.jpg,flower se,flower,white
00927.jpg,flower,flower,white
00926.jpg,so flower,flower,white
00932.jpg,so flower st.,flower,white
00930.jpg,so. flower st.,flower,white
00924.jpg,so. flower st,flower,white
00925.jpg,so. flower,flower,white
00931.jpg,s. flower,flower,white
00919.jpg,so. flower,flower,white
00928.jpg,so. flower-st.,flower,white
00934.jpg,so. flower,flower,white
00939.jpg,so. flower,flower,white
00935.jpg,so. flower.,flower,mexican
00938.jpg,so.flower,flower,white
00951.jpg,"s. flower
s",flower,white
00950.jpg,comotes,west,white
00944.jpg,s. flower,flower,white
00954.jpg,so. flower st,flower,white
00942.jpg,flower st,flower,white
00955.jpg,flower str,flower,white
00946.jpg,so. flower,flower,white
00948.jpg,so. flower st.,flower,white
00943.jpg,sq. flower,flower,white
00945.jpg,so. flower st.,flower,white
00956.jpg,so. flower str,flower,white
00952.jpg,so.flower,flower,white
00957.jpg,so. flower st.,flower,white
00969.jpg,so. flower se,flower,white
00953.jpg,so flower st.,flower,white
00972.jpg,"s. flower
s",flower,mexican
00958.jpg,so flower,flower,white
00962.jpg,so. flower,flower,white
00968.jpg,s. flower,flower,white
00966.jpg,flower st.-,flower,white
00963.jpg,s. flower,flower,white
00973.jpg,so.flower,flower,white
00964.jpg,so flower st,flower,white
00960.jpg,so. flower st.,flower,white
00959.jpg,so.flower,flower,white
00961.jpg,"s. flower
n",flower,white
00965.jpg,so. flower,flower,white
00970.jpg,so. flower.,flower,white
00949.jpg,s. flower,flower,white
00967.jpg,s. flower,flower,white
00940.jpg,so. flower,flower,white
00974.jpg,so. flowe's. st.,flower,white
00975.jpg,s. flower,flower,oriental
00976.jpg,so. flower se,flower,white
00980.jpg,so. flower.,flower,white
00983.jpg,so. flower se,flower,white
00981.jpg,50. flower,flower,white
00988.jpg,flower,flower,white
00990.jpg,so. flower st,flower,white
00989.jpg,sp. flower st.,flower,white
00985.jpg,so. flower,flower,white
00982.jpg,flower st,flower,white
01010.jpg,so flower,flower,white
01000.jpg,"50. flower
st",flower,white
01008.jpg,"s. flower.
s",flower,white
00997.jpg,so. flower,flower,white
00999.jpg,so. flower,flower,white
00995.jpg,so. flower st,flower,white
00991.jpg,s. flowcr,flower,white
01014.jpg,so. flower st,flower,white
00984.jpg,so. flower,flower,white
01001.jpg,so flower st,flower,white
01002.jpg,so. flower,flower,white
01007.jpg,flower st,flower,white
01011.jpg,flower se,flower,white
00992.jpg,jo. i lower,flower,white
01013.jpg,so. flower,flower,white
00993.jpg,"so. flower
st.",flower,white
00979.jpg,jo. flower,flower,white
01015.jpg,s.flower,flower,white
00998.jpg,so. flower,flower,white
01004.jpg,flower se,flower,white
01005.jpg,so. flower,flower,white
01006.jpg,"s. flowpr
s
150",flower,white
01003.jpg,s.flo wor,flower,white
01016.jpg,"so. flower
st",flower,white
01017.jpg,flower se,flower,white
01018.jpg,pos,west,white
01024.jpg,so. flower,flower,white
01019.jpg,so. flower,flower,white
01023.jpg,so. flower,flower,white
01026.jpg,0 flowe,flower,white
01022.jpg,s. flower,flower,white
01021.jpg,30.flower st,flower,white
01028.jpg,flower,flower,white
01031.jpg,-so. flower st,flower,white
01045.jpg,so flower st,flower,white
01041.jpg,flower,flower,white
01039.jpg,so. i lower,flower,white
01034.jpg,flower,flower,white
01051.jpg,so. flower st.,flower,white
01038.jpg,so. flower se,flower,white
01054.jpg,so flower.st,flower,white
01033.jpg,s. flower,flower,white
01032.jpg,so.flower st.,flower,white
01048.jpg,"s
o.
flower",flower,white
01030.jpg,20. flower,flower,white
01043.jpg,90.flower,flower,white
01027.jpg,so flower sf,flower,white
01050.jpg,"s. flower
in",flower,oriental
01029.jpg,so. flower st,flower,white
01046.jpg,flower se,flower,white
01036.jpg,"flower
#",flower,white
01055.jpg,so.. flower,flower,white
01052.jpg,50. flower,flower,white
01053.jpg,so. flower st,flower,white
01049.jpg,so. flower,flower,white
01035.jpg,so. flower,flower,white
01062.jpg,s. flower,flower,white
01057.jpg,so. flower,flower,white
01060.jpg,so. i lower,flower,white
01058.jpg,so. flower,flower,white
01063.jpg,so. flower,flower,white
01065.jpg,s. flower,flower,white
01059.jpg,so. flower st,flower,white
01064.jpg,"so, flower st",flower,white
01071.jpg,"so. flower
st",flower,white
01067.jpg,s. flower,flower,white
01066.jpg,so. flower st.,flower,white
01070.jpg,so. flower,flower,white
01069.jpg,so. flower sf.,flower,white
01068.jpg,- so.flower,flower,white
01072.jpg,s.flower,flower,white
01077.jpg,50. flower,flower,white
01074.jpg,so. flower st,flower,white
01097.jpg,so. flower st.,flower,white
01107.jpg,so. flower,flower,white
01108.jpg,so.flower,flower,white
01106.jpg,"so, flower",flower,white
01086.jpg,fotos,flower,white
01081.jpg,"s. flower
s",flower,white
01078.jpg,so. flower,flower,white
01080.jpg,so flower,flower,white
01073.jpg,so.flower,flower,white
01096.jpg,so flower.st,flower,white
01091.jpg,flower se,flower,white
01087.jpg,so. flower st.,flower,white
01088.jpg,so flower,flower,white
01090.jpg,so. i lower.,flower,white
01105.jpg,flower,flower,white
01104.jpg,"s. flower
m",flower,white
01103.jpg,so. flower,flower,white
01094.jpg,"o
flower",flower,white
01076.jpg,flower.,flower,white
01109.jpg,so. flower st.,flower,white
01084.jpg,"50
flower st",flower,white
01093.jpg,so flower,flower,white
01100.jpg,flower se,flower,white
01092.jpg,so. flower st.,flower,white
01085.jpg,50. flower,flower,white
01095.jpg,s. flower,flower,white
01082.jpg,so. flower,flower,white
01101.jpg,s. flower,flower,white
01110.jpg,so. flowen se,flower,white
01112.jpg,so. flower,flower,white
01102.jpg,so. flower,flower,white
01113.jpg,flower se,flower,white
01152.jpg,"so, flower",flower,white
01143.jpg,s. flower,flower,white
01120.jpg,flower st,flower,white
01150.jpg,"s. flower
s",flower,white
01133.jpg,so. flower,flower,white
01135.jpg,50. flower,flower,white
01146.jpg,so.flower,flower,white
01114.jpg,so. flower st.,flower,white
01154.jpg,so. flower,flower,white
01127.jpg,s. flower,flower,
01141.jpg,so flower st.,flower,white
01131.jpg,so. flower st,flower,white
01134.jpg,20. flower,flower,white
01117.jpg,so. flower st.,flower,white
01153.jpg,50. flower st,flower,white
01121.jpg,s. flower,flower,white
01149.jpg,flower,flower,white
01128.jpg,s. flower,flower,white
01124.jpg,sp. flower,flower,white
01147.jpg,so flower,flower,white
01145.jpg,so. flower,flower,white
01136.jpg,so. flower,flower,white
01140.jpg,flower s,flower,white
01123.jpg,s.flower,flower,white
01122.jpg,s.flower,flower,white
01139.jpg,so. flowce se,flower,white
01125.jpg,flower,flower,white
01130.jpg,flower s,flower,white
01116.jpg,sa. flower,flower,white
01157.jpg,"flower
st",flower,white
01119.jpg,so. flower,flower,white
01142.jpg,so-flower,flower,white
01132.jpg,so. flower st,flower,white
01156.jpg,so. flower,flower,white
01159.jpg,so. ilower.,flower,white
01160.jpg,so. flower,flower,white
01158.jpg,flower se,flower,white
01165.jpg,so. flower,flower,white
01164.jpg,flower st,flower,white
01167.jpg,so.flower,flower,white
01166.jpg,so. flowe 4₁ st.,flower,white
01162.jpg,s. flower,flower,white
01172.jpg,so.flower st,flower,white
01186.jpg,flower se,flower,white
01173.jpg,sa. flower,flower,white
01193.jpg,so. flo wer,flower,white
01185.jpg,so. flower st.,flower,white
01188.jpg,50.flower,flower,white
01184.jpg,s. flower,flower,white
01176.jpg,so. flower,flower,white
01170.jpg,s. flower.,flower,white
01180.jpg,so. flower st.,flower,white
01179.jpg,s. flower,flower,white
01197.jpg,so flower st.,flower,white
01171.jpg,so. flower sf.,flower,white
01182.jpg,so. flower,flower,white
01189.jpg,flower,flower,white
01191.jpg,so. flower sf,flower,white
01175.jpg,s. flower,flower,white
01194.jpg,so. flower se,flower,white
01187.jpg,so. flower,flower,white
01178.jpg,"so. flower st.
se",flower,white
01198.jpg,so. flower,flower,white
01169.jpg,s. flower,flower,white
01183.jpg,so. flower,flower,white
01199.jpg,so. flower,flower,white
01190.jpg,sa. flower st.,flower,white
01195.jpg,flower see,flower,white
01192.jpg,50. flower st,flower,white
01205.jpg,flower se,flower,white
01203.jpg,so. flower st,flower,white
01201.jpg,"s, flower
stf",flower,white
01206.jpg,so. flower,flower,white
01204.jpg,s.flower,flower,white
01209.jpg,0. i lowe,flower,white
01210.jpg,so.flower,flower,white
01211.jpg,so-flower st.,flower,white
01212.jpg,so.flower,flower,white
01238.jpg,flower,flower,white
01213.jpg,50 flower st,flower,white
01215.jpg,so. flower,flower,white
01216.jpg,flower st,flower,white
01239.jpg,so. flower,flower,white
01234.jpg,"50
so, flower",flower,white
01220.jpg,s. flower,flower,white
01230.jpg,80 flower,flower,white
01214.jpg,to flower,flower,white
01232.jpg,s. flower,flower,white
01228.jpg,so.flower,flower,white
01235.jpg,"s. flower
in
s",flower,white
01237.jpg,flower,flower,white
01218.jpg,so flower,flower,white
01251.jpg,"30. flower
st",flower,white
01221.jpg,50. flower,flower,white
01240.jpg,50. flower,flower,white
01248.jpg,so. flower st.,flower,white
01253.jpg,so flower,flower,white
01225.jpg,so. flower,flower,white
01250.jpg,so. flower,flower,white
01243.jpg,so. flower,flower,white
01249.jpg,s. flower,flower,white
01226.jpg,flower,flower,white
01242.jpg,-50. flower,flower,white
01223.jpg,so. flower,flower,mexican
01244.jpg,s. flower,flower,white
01231.jpg,so flower,flower,white
01246.jpg,so.fhower st,flower,white
01245.jpg,so. flower,flower,white
01247.jpg,s. flower,flower,oriental
01227.jpg,flower st,flower,white
01255.jpg,so. flower,flower,white
01254.jpg,so.flower,flower,white
01256.jpg,so-flower,flower,white
01257.jpg,so. flower,flower,white
01262.jpg,jo. flower.st,flower,white
01267.jpg,"se
so flower st",flower,white
01264.jpg,so. flower-,flower,white
01265.jpg,so. flower,flower,white
01261.jpg,"25
tomotes",west,other
01260.jpg,so flower,flower,white
01259.jpg,so flowe t.,flower,white
01279.jpg,flower,flower,white
01263.jpg,flower,flower,white
01258.jpg,s. flower.,flower,white
01268.jpg,so flower st,flower,white
01278.jpg,so flower st,flower,white
01292.jpg,50.flower,flower,white
01271.jpg,flower,flower,white
01289.jpg,flower,flower,white
01293.jpg,so. flower,flower,white
01270.jpg,s. flower,flower,white
01272.jpg,so flower,flower,white
01280.jpg,so i lower.,flower,white
01290.jpg,so.flower,flower,white
01269.jpg,so.flower,flower,white
01283.jpg,so. flower st.,flower,white
01281.jpg,flower se,flower,white
01273.jpg,s. flower,flower,
01275.jpg,so. flower st.,flower,white
01276.jpg,flower st,flower,white
01287.jpg,so. flower st.,flower,white
01274.jpg,so. flower,flower,white
01286.jpg,so. flower,flower,white
01291.jpg,"so. flower s
st",flower,white
01288.jpg,so. flower,flower,white
01297.jpg,flower s,flower,white
01296.jpg,"s. flower
stf",flower,white
01298.jpg,so. flower st.,flower,white
01299.jpg,s.flower,flower,white
01302.jpg,so. flower st.,flower,white
01303.jpg,so. flower,flower,white
01316.jpg,50. flower,flower,white
01304.jpg,so. flower,flower,white
01317.jpg,"so. flower
st.",flower,white
01301.jpg,so. flower st,flower,white
01312.jpg,so. flower,flower,white
01307.jpg,so. flower st,flower,white
01315.jpg,so. i lower,flower,white
01306.jpg,s. flower,flower,white
01308.jpg,"so, flower st",flower,white
01311.jpg,so. flower str,flower,white
01309.jpg,so. flower,flower,white
01324.jpg,flower st,flower,white
01327.jpg,so. flowerst,flower,white
01321.jpg,soflower,flower,white
01328.jpg,so. flower,flower,white
01331.jpg,s.flower,flower,white
01319.jpg,so. flower,flower,white
01300.jpg,so. flower,flower,white
01326.jpg,sp. flower st.,flower,white
01320.jpg,s. flower,flower,white
01318.jpg,s. flower,flower,white
01329.jpg,20. flower,flower,white
01333.jpg,"so, flowerst.",flower,white
01332.jpg,"50.flower
st",flower,white
01322.jpg,so. flower st.,flower,white
01330.jpg,so. flowey se.,flower,white
01336.jpg,50. flower st.,flower,white
01338.jpg,so flower st,flower,white
01341.jpg,50. flower,flower,white
01342.jpg,h flower.,flower,white
01339.jpg,50. flower,flower,white
01343.jpg,so. flower,flower,white
01340.jpg,s. flower,flower,white
01337.jpg,so. flower,flower,white
01344.jpg,flower se,flower,white
01346.jpg,"s. flower
5.
s",flower,white
01323.jpg,so. flower,flower,white
01347.jpg,50.fhawer,flower,white
01335.jpg,flower st,flower,white
01334.jpg,so flower,flower,white
01349.jpg,so. flower.,flower,mexican
01351.jpg,so. flower st.,flower,white
01353.jpg,"v
sa, flower",flower,white
01371.jpg,so. flower st,flower,mexican
01378.jpg,so flower,flower,white
01386.jpg,so fhower. st,flower,white
01359.jpg,so. flower st,flower,white
01355.jpg,so.flower,flower,white
01382.jpg,so. flower st,flower,white
01358.jpg,so. fhower,flower,white
01372.jpg,flower,flower,white
01388.jpg,50. flower,flower,white
01389.jpg,so flower,flower,white
01369.jpg,flower,flower,white
01352.jpg,flower st,flower,white
01387.jpg,so. flower st.,flower,white
01367.jpg,"so. flower
st",flower,white
01385.jpg,flower,flower,white
01376.jpg,so. flower,flower,white
01360.jpg,so. flower. st.,flower,white
01357.jpg,flower st,flower,white
01384.jpg,so. flower,flower,white
01381.jpg,so. flower,flower,white
01366.jpg,so. flower st.,flower,white
01368.jpg,so. flower st,flower,white
01383.jpg,so flower st,flower,white
01370.jpg,so. flower,flower,white
01374.jpg,"sc
3
flower sf.",flower,white
01354.jpg,so. flower,flower,white
01380.jpg,sa flower,flower,white
01362.jpg,s. flower,flower,white
01377.jpg,so.flower,flower,white
01375.jpg,"s. flower
s",flower,white
01392.jpg,"sa flower st.
st",flower,white
01390.jpg,"50, flower st",flower,white
01364.jpg,so. flower st,flower,white
01422.jpg,so. flower st,flower,white
01397.jpg,s flower,flower,mexican
01399.jpg,so. flower.,flower,white
01412.jpg,flower,flower,white
01419.jpg,s.flower,flower,white
01393.jpg,"so. flower
5 t.",flower,white
01401.jpg,so flower st.,flower,white
01418.jpg,so. flower,flower,white
01414.jpg,50. flower,flower,white
01396.jpg,so. flower,flower,white
01400.jpg,so flower,flower,white
01411.jpg,so flower st,flower,white
01395.jpg,flower,flower,white
01417.jpg,"so, flower st",flower,white
01409.jpg,50. flower,flower,white
01404.jpg,so. i lower,flower,white
01398.jpg,so. flower,flower,white
01416.jpg,"s.flower
s",flower,white
01402.jpg,s. flower,flower,white
01413.jpg,50. flower,flower,white
01421.jpg,so. flower,flower,white
01407.jpg,"2.
0
flower.",flower,white
01428.jpg,sa. flower,flower,white
01415.jpg,flower,flower,white
01394.jpg,so.flower,flower,white
01406.jpg,so. flower,flower,white
01427.jpg,so. flower st,flower,white
01423.jpg,flower se,flower,white
01424.jpg,so. flower st,flower,white
01420.jpg,so. flower,flower,white
01405.jpg,s. flower,flower,
01471.jpg,50. flower,flower,white
01445.jpg,so flower,flower,white
01451.jpg,so. flower,flower,white
01454.jpg,s. flower,flower,white
01439.jpg,so. flower st.,flower,white
01436.jpg,bo. flower.,flower,white
01457.jpg,"s flowpk
s",flower,white
01449.jpg,so flower,flower,white
01434.jpg,"s. flower
s",flower,white
01433.jpg,so. flower st,flower,white
01441.jpg,s. flower,flower,white
01438.jpg,so flower,flower,white
01430.jpg,so flower,flower,white
01437.jpg,so. flower,flower,white
01431.jpg,so. i lewer.,flower,white
01461.jpg,flower se,flower,white
01443.jpg,s.flower,flower,white
01463.jpg,so. flower,flower,white
01435.jpg,s. flower,flower,white
01455.jpg,so. flower st.,flower,white
01440.jpg,s. flower,flower,white
01456.jpg,so. flower ot.,flower,white
01466.jpg,flower se,flower,white
01446.jpg,so. flower st,flower,white
01460.jpg,50. flower st,flower,white
01442.jpg,so flower,flower,white
01468.jpg,30 flower st,flower,white
01458.jpg,"50. flower
st.",flower,white
01452.jpg,so flower,flower,white
01470.jpg,so. flower,flower,white
01462.jpg,s.flower,flower,white
01465.jpg,so. flower,flower,white
01480.jpg,so. flower,flower,white
01474.jpg,flower s,flower,white
01472.jpg,siflower,flower,white
01473.jpg,s. flower,flower,white
01478.jpg,flower,flower,white
01476.jpg,so.flower,flower,white
01475.jpg,so flower st.,flower,white
01477.jpg,50.flower,flower,white
01486.jpg,flower,flower,white
01484.jpg,so. flower st,flower,white
01497.jpg,50. flower,flower,white
01496.jpg,"5a
flower",flower,white
01492.jpg,so. flowe t se,flower,white
01494.jpg,·so. flower,flower,white
01489.jpg,"so.. flower
0",flower,white
01487.jpg,so. flower st.,flower,white
01482.jpg,6. flaive,flower,mexican
01490.jpg,so. flower,flower,white
01485.jpg,s. flower,flower,white
01481.jpg,"50. flower
st.",flower,white
01495.jpg,s. flower',flower,white
01504.jpg,flower s,flower,white
01499.jpg,flower,flower,white
01501.jpg,s. flower,flower,white
01510.jpg,so. flower st,flower,white
01514.jpg,so flower,flower,white
01502.jpg,"s.flower
s
10",flower,white
01506.jpg,so. flower,flower,white
01507.jpg,flower.,flower,white
01519.jpg,"so. flower
st",flower,white
01515.jpg,s. flower,flower,white
01517.jpg,so. flower,flower,white
01513.jpg,"so. flower
27.",flower,white
01512.jpg,so. flower st.,flower,white
01508.jpg,so flowers sti,flower,white
01500.jpg,so.flower,flower,white
01516.jpg,s. flower,flower,white
01518.jpg,so flower,flower,white
01498.jpg,50.flower,flower,white
01505.jpg,so flower st.,flower,white
01526.jpg,so.flower,flower,white
01522.jpg,so. flower,flower,white
01524.jpg,so. flower st.,flower,white
01525.jpg,90. flower,flower,white
01534.jpg,s. hope st.,hope,white
01535.jpg,"s. hope 34,",hope,white
01533.jpg,s. hope st,hope,white
01527.jpg,flower sh,flower,white
01530.jpg,s. hope st,hope,white
01531.jpg,s. hope st.,hope,white
01537.jpg,s. hope st.,hope,mexican
01529.jpg,so flower,flower,white
01536.jpg,s. hope st,hope,white
01532.jpg,5. hope,hope,white
01520.jpg,flower st.,flower,white
01523.jpg,s. flower,flower,white
01521.jpg,so. flower st.,flower,white
01550.jpg,s. hope st.,hope,white
01540.jpg,s. hope st.,hope,white
01542.jpg,s. hope st,hope,white
01551.jpg,s. hope st.,hope,white
01552.jpg,"s.hope s4,",hope,white
01548.jpg,s. hope st,hope,white
01547.jpg,"·s, hope st.",hope,white
01544.jpg,s. hope 34.,hope,white
01549.jpg,s. hope 34,hope,white
01539.jpg,s. hope st.,hope,white
01538.jpg,s. hope st,hope,white
01543.jpg,s. hope st,hope,white
01545.jpg,3. hope st,hope,white
01541.jpg,s. hope st.,hope,white
01553.jpg,s. hope st.,hope,white
01546.jpg,s. hope st,hope,white
01555.jpg,s. hope st,hope,oriental
01562.jpg,s. bunker hill ave,bunker hill ave,white
01557.jpg,s. hope st,hope,white
01569.jpg,-s. bunker hill ave,bunker hill ave,white
01565.jpg,s. bunker hill ave,bunker hill ave,white
01554.jpg,s. hope 84.,hope,white
01568.jpg,s. bunker hill ave,bunker hill ave,white
01561.jpg,bunker mee uve.,bunker hill ave,white
01558.jpg,s. hope st.,hope,white
01559.jpg,s. hope st,hope,white
01566.jpg,s. bunker hill ave,bunker hill ave,white
01567.jpg,s. bunker hill ave,bunker hill ave,white
01564.jpg,s. bunker hill ave,bunker hill ave,white
01563.jpg,s. bunker hill ave,bunker hill ave,white
01556.jpg,s. hope s4,hope,white
01560.jpg,bunker hill u,bunker hill ave,white
01575.jpg,s bunker hill are.,bunker hill ave,white
01570.jpg,s bunker hill ave,bunker hill ave,white
01571.jpg,s. bunker hill ave,bunker hill ave,white
01581.jpg,s. bunker hill are,bunker hill ave,white
01573.jpg,s. bunker hill ave,bunker hill ave,white
01572.jpg,s bunker hill ave,bunker hill ave,white
01585.jpg,so grand-ave,grand,white
01578.jpg,s. bunker hill are,bunker hill ave,white
01576.jpg,s. bonker hill ave,bunker hill ave,white
01584.jpg,s.bunker hill ave,bunker hill ave,white
01574.jpg,s. bunker hill ave,bunker hill ave,white
01579.jpg,s. bunker hill ave,bunker hill ave,white
01580.jpg,s. bunker hill ave,bunker hill ave,white
01583.jpg,s. bunker hill ave,bunker hill ave,white
01582.jpg,s. bunker hill ave,bunker hill ave,white
01577.jpg,s. bunker hill ave,bunker hill ave,white
01587.jpg,"so, grand ave",grand,white
01597.jpg,"so, grand ave",grand,white
01607.jpg,"so. grand- #ve
s",grand,white
01601.jpg,s. grand ave,grand,
01593.jpg,live.,flower,white
01592.jpg,grand,grand,white
01598.jpg,grand ave,grand,white
01612.jpg,,west,white
01603.jpg,so grand ave,grand,white
01595.jpg,grand,grand,white
01608.jpg,5. grand ave,grand,mexican
01605.jpg,rand live.,grand,white
01611.jpg,"so, grand ave",grand,white
01589.jpg,grand,grand,white
01590.jpg,s.granci ave,grand,white
01610.jpg,hand love,hope,white
01602.jpg,grand five,grand,white
01588.jpg,s. grand ave,grand,white
01606.jpg,"so, grand ave",grand,white
01609.jpg,arahed ant.,grand,white
01613.jpg,so. grand,grand,white
01624.jpg,grand ave,grand,white
01622.jpg,grand ave.,grand,white
01614.jpg,so. grand-7744,grand,white
01630.jpg,and ave.,grand,white
01619.jpg,so. grand-five,grand,white
01618.jpg,,west,white
01623.jpg,"grand!
ov",grand,white
01631.jpg,s. grand ave,grand,white
01615.jpg,so. grand ave,grand,white
01626.jpg,"so, grand ave",grand,white
01629.jpg,rand,grand,white
01643.jpg,and ave,grand,white
01640.jpg,5 grand ave,grand,white
01637.jpg,grand ave.,grand,white
01633.jpg,s.grand ave.,grand,white
01641.jpg,"ra
i tive.",bunker hill ave,white
01634.jpg,s. grand ave,grand,white
01639.jpg,"so, grand ave",grand,white
01648.jpg,"so, grand-ave",grand,white
01659.jpg,s. grand ave,grand,white
01645.jpg,grand,grand,white
01658.jpg,"so, grand ave",grand,white
01650.jpg,mased art.,cinnabar,white
01661.jpg,s. braled and.,grand,white
01655.jpg,s. grand avp.,grand,white
01649.jpg,so grand ave.,grand,white
01656.jpg,and,grand,white
01654.jpg,my,clay,white
01646.jpg,so. grand ave,grand,white
01652.jpg,grand livre.,grand,white
01647.jpg,s. grand ave,grand,white
01662.jpg,grand ave,grand,white
01665.jpg,s. grand,grand,white
01664.jpg,"so, grand-ave
5",grand,white
01668.jpg,"so, grand-ave",grand,white
01666.jpg,,west,white
01651.jpg,rand ave,grand,white
01685.jpg,s. grand ave,grand,white
01686.jpg,,west,white
01671.jpg,"s. gra
grand ave",grand,white
01680.jpg,so grand ave,grand,white
01677.jpg,,west,white
01675.jpg,s grand ave,grand,white
01684.jpg,"so, grand ave",grand,white
01673.jpg,so. grand ave,grand,white
01670.jpg,"so, grand ave",grand,white
01679.jpg,grand!,grand,white
01683.jpg,so. grand-ave,grand,white
01669.jpg,so. grand ave,grand,white
01672.jpg,grand ave,grand,white
01697.jpg,grand ca ave.,grand,white
01696.jpg,"so, grand sive",grand,white
01703.jpg,"so, grand-ave",grand,white
01694.jpg,"grand live.
the.",grand,white
01695.jpg,"so, grand-ave
lo",grand,white
01690.jpg,j. brand mr.,grand,white
01699.jpg,so. grand que,grand,white
01691.jpg,"so, grand ave",grand,white
01706.jpg,s. granc ave,grand,white
01707.jpg,"so, grand ave",grand,white
01687.jpg,so grand -ave,grand,white
01705.jpg,"so, grand-live",grand,white
01704.jpg,"so, grand ale",grand,white
01713.jpg,,west,white
01708.jpg,18.,west,white
01715.jpg,so. grand ave,grand,white
01701.jpg,so. grand ave,grand,white
01723.jpg,s. grand are,grand,white
01714.jpg,,west,white
01709.jpg,"so, grand ave",grand,white
01719.jpg,"so, grand ave",grand,white
01711.jpg,s.granc ave,grand,white
01730.jpg,grand!,grand,white
01717.jpg,s. grand ave,grand,white
01725.jpg,s. grand ave.,grand,white
01731.jpg,grand ave.,grand,white
01728.jpg,s. grand ave,grand,white
01735.jpg,"so, grand ave",grand,white
01724.jpg,,west,white
01734.jpg,rand ave,grand,white
01722.jpg,"so. grand
ave",grand,white
01718.jpg,so. bunker hill ave,bunker hill ave,white
01740.jpg,s. grand ame,grand,white
01742.jpg,haved ane,bunker hill ave,white
01736.jpg,s. grand are,grand,white
01737.jpg,so. grand ave.,grand,white
01738.jpg,s. grand art.,grand,white
01739.jpg,grand ave.,grand,white
01741.jpg,grand love,grand,white
01744.jpg,s. grand are,grand,white
01743.jpg,so. grand ave,grand,white
01748.jpg,rand i,grand,white
01750.jpg,live.,flower,white
01749.jpg,s. grand are,grand,white
01751.jpg,d ave.,bunker hill ave,white
01761.jpg,s. grand ave,grand,white
01766.jpg,grand are.,grand,white
01773.jpg,s 5. anand art.,cinnabar,white
01767.jpg,,west,other
01754.jpg,s. grand ave,grand,white
01759.jpg,"so, grand ave",grand,white
01764.jpg,s.grand are,grand,white
01776.jpg,,west,white
01758.jpg,s. grand lave.,grand,white
01769.jpg,so. grand-ave,grand,white
01762.jpg,"grand
20",grand,white
01770.jpg,"so, grand ave",grand,oriental
01757.jpg,31 grand,grand,white
01763.jpg,grand live,grand,white
01779.jpg,grand ave.,grand,white
01774.jpg,grand ave,grand,white
01780.jpg,"so, grand sive",grand,white
01771.jpg,grand,grand,white
01775.jpg,so. grand ave,grand,white
01783.jpg,grand abe,grand,white
01789.jpg,grand ave.,grand,white
01782.jpg,s. grand ave,grand,mexican
01784.jpg,s. brand any.,grand,white
01787.jpg,grand ave,grand,white
01792.jpg,so grand -five,grand,white
01786.jpg,s. grand ave.,grand,white
01791.jpg,grand,grand,white
01788.jpg,"so, grand ave",grand,white
01797.jpg,ran,grand,white
01794.jpg,s. grande,grand,mexican
01793.jpg,"so, grand ave",grand,white
01798.jpg,so grand-ave,grand,white
01801.jpg,s. grand ave,grand,white
01800.jpg,"so, grand ave",grand,white
01820.jpg,rand,grand,white
01815.jpg,s. grand live.,grand,white
01813.jpg,s. gauld art.,figueroa,white
01802.jpg,and,grand,mexican
01824.jpg,so. grand-ave,grand,white
01808.jpg,s. grand ure.,grand,white
01823.jpg,"so, grand ave",grand,white
01806.jpg,grand ave,grand,white
01817.jpg,j. paked art.,cinnabar,white
01812.jpg,s. grand ave,grand,white
01818.jpg,,west,white
01809.jpg,so grand que,grand,white
01807.jpg,"so, grand ave",grand,white
01816.jpg,grand ave,grand,white
01830.jpg,"so, grand ave",grand,white
01828.jpg,so. grand-ave,grand,white
01810.jpg,s. brand and,grand,white
01804.jpg,"so, grand-ave",grand,white
01805.jpg,"so,
grand ave",grand,white
01829.jpg,"and lave
an",bunker hill ave,white
01831.jpg,,west,white
01827.jpg,"so, grand ave",grand,white
01838.jpg,ran,grand,white
01825.jpg,s. grand ave,grand,white
01832.jpg,and,grand,white
01834.jpg,so. grand ave,grand,white
01837.jpg,s.grand avp.,grand,white
01826.jpg,"so, grand ave",grand,white
01844.jpg,"so, grand ave",grand,white
01843.jpg,so. grand-ave,grand,white
01839.jpg,grand ave,grand,white
01845.jpg,√. judad art.,cinnabar,white
01841.jpg,"so, grand stue",grand,white
01850.jpg,s. grand avp.,grand,white
01846.jpg,s. grand ave,grand,white
01853.jpg,so. grand sive.,grand,white
01848.jpg,so. grand ave,grand,white
01857.jpg,grand live,grand,white
01855.jpg,grand,grand,white
01863.jpg,grand love,grand,white
01859.jpg,,west,white
01862.jpg,"so, grand ave",grand,white
01864.jpg,"so, grand ave",grand,white
01870.jpg,hand lave,bunker hill ave,white
01866.jpg,"so, grand- ave",grand,white
01867.jpg,and ave.,grand,white
01860.jpg,sgrand ave.,grand,white
01872.jpg,grand art.,grand,white
01901.jpg,adlave,clay,white
01868.jpg,grand ave,grand,white
01881.jpg,,west,white
01874.jpg,grand bue,grand,white
01865.jpg,s. granc ave,grand,white
01891.jpg,s. grand ave,grand,white
01905.jpg,rand dre.,grand,white
01900.jpg,i. grand ale,grand,white
01904.jpg,grand!,grand,white
01886.jpg,grand ave.,grand,white
01879.jpg,,west,other
01877.jpg,so grand ave.,grand,white
01884.jpg,"so, grand ave.",grand,white
01897.jpg,s. grand ave,grand,white
01898.jpg,"""grand""
i",grand,white
01899.jpg,"gras
rand ave.",grand,white
01873.jpg,so. grand ave,grand,white
01894.jpg,grand ave..,grand,white
01876.jpg,s. grand ave,grand,white
01890.jpg,grand ave.,grand,white
01885.jpg,s. grand abe.,grand,white
01903.jpg,s. grand are,grand,white
01892.jpg,so. grand ave,grand,white
01908.jpg,s. grand ave,grand,white
01916.jpg,a grand live,grand,white
01909.jpg,"so, grand ave",grand,white
01920.jpg,grand cve.,grand,white
01913.jpg,randare.,grand,white
01919.jpg,"so, grand ave.",grand,white
01906.jpg,grand gne.,grand,white
01910.jpg,"so. grand #ve
s",grand,white
01912.jpg,s.grandave,grand,white
01940.jpg,"rand ave
yra",grand,white
01938.jpg,hand lave,bunker hill ave,white
01950.jpg,so. grand ave,grand,white
01945.jpg,"so, grand ave",grand,white
01947.jpg,grand,grand,white
01927.jpg,-s. grand ave.,grand,white
01942.jpg,s. grand ave,grand,white
01924.jpg,grand,grand,mexican
01935.jpg,grand lave,grand,white
01926.jpg,s.grand ave.,grand,white
01933.jpg,s. grand ave.,grand,white
01928.jpg,"so, grand ave",grand,white
01939.jpg,so. grand ave,grand,white
01952.jpg,s.grand are,grand,white
01943.jpg,grand,grand,other
01934.jpg,"so, grand ave",grand,white
01925.jpg,so. grand-ave,grand,white
01944.jpg,so grimp-77v9,hope,
01930.jpg,grand ave,grand,white
01922.jpg,grand,grand,other
01921.jpg,s.grand ave,grand,white
01932.jpg,grand mas,grand,white
01951.jpg,"so, grand
ave",grand,white
01955.jpg,so. grand ave,grand,white
01958.jpg,"so, grand live",grand,white
01964.jpg,so. grand ave,grand,white
01965.jpg,"so, grand ave",grand,white
01953.jpg,grand ave.,grand,white
01957.jpg,s.granc ave,grand,white
01959.jpg,s. anand art.,cinnabar,white
01961.jpg,"so, grand ave",grand,white
01963.jpg,s. grand,grand,negro
01972.jpg,"so, grand ave",grand,white
01969.jpg,"so, grand ave",grand,white
01980.jpg,i. grand,grand,white
01976.jpg,"so, grand ave",grand,white
01984.jpg,s. hand as,grand,white
01982.jpg,grand,grand,white
01981.jpg,"s. grand avp.
s",grand,mexican
01986.jpg,grand flor,grand,white
01975.jpg,,west,white
01970.jpg,rand,grand,white
01987.jpg,"po
my.",hope,white
01989.jpg,s. grand ave,grand,white
01978.jpg,s. arand ave,grand,white
01993.jpg,s. irland any.,grand,white
02006.jpg,"so, grand ave",grand,white
02004.jpg,grand live,grand,white
01991.jpg,grand are.,grand,white
02016.jpg,so. grand-ave,grand,white
02020.jpg,hand,grand,white
01994.jpg,"so, grand ave",grand,white
02002.jpg,h,hope,white
02013.jpg,"so, grand ave.",grand,white
01983.jpg,so grand ave,grand,white
02014.jpg,rand,grand,white
02010.jpg,"so, grand avo",grand,white
01997.jpg,so. grand sve,grand,white
01996.jpg,s. grand ave,grand,white
02019.jpg,grand ave.,grand,white
02005.jpg,jo bland and,grand,white
01992.jpg,"so. grand ave
s",grand,white
01999.jpg,hand,grand,white
02018.jpg,"so, grand sive",grand,white
02021.jpg,grand,grand,white
02025.jpg,"so, grand ave",grand,white
02023.jpg,ii ave.,bunker hill ave,white
02022.jpg,"so, grand ave",grand,white
02030.jpg,grand,grand,white
02036.jpg,ad ave,bunker hill ave,white
02035.jpg,"s
chahed ass.
all",bunker hill ave,white
02028.jpg,s.grand ave,grand,white
02033.jpg,,west,white
02043.jpg,and ave,grand,white
02038.jpg,s. grand ave.,grand,white
02052.jpg,grand,grand,white
02046.jpg,"rand ave,",grand,white
02026.jpg,so. grand ave,grand,negro
02047.jpg,s. grand ave,grand,white
02054.jpg,s. grand are.,grand,white
02037.jpg,"so, grand ave",grand,white
02044.jpg,"anand art.
and",cinnabar,white
02042.jpg,s. grand ave.,grand,white
02032.jpg,grand ave.,grand,white
02048.jpg,"so, grand ave",grand,white
02029.jpg,s. grand i,grand,white
02057.jpg,s. grand ave,grand,white
02055.jpg,grand ave.,grand,white
02061.jpg,so. grand-tive,grand,white
02056.jpg,grand,grand,white
02070.jpg,s. grand,grand,white
02064.jpg,grand ave.,grand,white
02058.jpg,s. grand livre.,grand,white
02072.jpg,s. grand ave.,grand,white
02053.jpg,hand ave,grand,white
02065.jpg,tram,grand,white
02075.jpg,s.granc avc,grand,
02069.jpg,s. grand ave,grand,white
02074.jpg,s. grand,grand,white
02063.jpg,-s. grand ave,grand,white
02041.jpg,aas,cinnabar,other
02060.jpg,"so, grand ave",grand,white
02071.jpg,so. grand sive,grand,white
02039.jpg,grand ave,grand,white
02080.jpg,"sa
grand ave",grand,white
02093.jpg,"so,grand -ave",grand,
02083.jpg,grand,grand,white
02082.jpg,j. grand art.,grand,white
02084.jpg,so. grand-ave,grand,
02092.jpg,"so, grand ave",grand,white
02089.jpg,grand shre,grand,white
02091.jpg,,west,white
02085.jpg,so. grand ave,grand,white
02094.jpg,grandlave,grand,white
02086.jpg,"so,grand-ave",grand,white
02078.jpg,so. grand ave.,grand,white
02087.jpg,"an
ave.
a",cinnabar,white
02081.jpg,"pop p
ant",hope,white
02100.jpg,so. grand ave,grand,white
02090.jpg,and are,grand,white
02088.jpg,s. grand avc.,grand,white
02097.jpg,s. grand ave.,grand,white
02103.jpg,so. grand ave,grand,white
02120.jpg,grand,grand,white
02113.jpg,"so, grand ave",grand,white
02108.jpg,"s
grand ave",grand,white
02119.jpg,grand ave,grand,white
02112.jpg,"2
trand",grand,white
02115.jpg,grand ave,grand,white
02104.jpg,s.grand ave,grand,white
02124.jpg,"so, grand ave",grand,white
02110.jpg,grand,grand,white
02117.jpg,"se, grand ave",grand,white
02118.jpg,grand the.,grand,white
02105.jpg,so. grand ave,grand,white
02122.jpg,"so, grand ave.",grand,white
02137.jpg,,west,white
02132.jpg,grand ave.,grand,white
02128.jpg,"so, grand ave..",grand,white
02136.jpg,grand live.,grand,white
02133.jpg,s. grand ave,grand,white
02125.jpg,s. grand art.,grand,white
02126.jpg,s. grand and,grand,white
02139.jpg,so. grand-ave,grand,white
02141.jpg,s. grand ave.,grand,white
02138.jpg,s. grand avc.,grand,white
02130.jpg,trand!,grand,white
02148.jpg,,west,white
02150.jpg,grand ave,grand,white
02143.jpg,grand ave.,grand,white
02157.jpg,so. grand ave,grand,white
02163.jpg,s. grand ave,grand,white
02142.jpg,s. grand ave.,grand,white
02158.jpg,so. gyand ave.,grand,white
02161.jpg,s. grand love.,grand,white
02146.jpg,"so, grand ave",grand,white
02149.jpg,s. grand ave.,grand,white
02145.jpg,s. grand avo,grand,white
02155.jpg,3. grand are,grand,white
02151.jpg,v. grand apte,grand,white
02164.jpg,,west,white
02159.jpg,s. brand art.,grand,white
02147.jpg,grand ave.,grand,white
02166.jpg,s... grand art.,grand,white
02154.jpg,"35
trand",grand,mexican
02168.jpg,grand thre.,grand,white
02167.jpg,"so, grana ale",grand,white
02169.jpg,nd lave,bunker hill ave,white
02181.jpg,i ave.,bunker hill ave,white
02173.jpg,s. grand,grand,white
02171.jpg,grand,grand,white
02186.jpg,,west,white
02182.jpg,and due,grand,white
02178.jpg,"so.
grand ave",grand,mexican
02192.jpg,"so, grand ave.",grand,white
02187.jpg,,west,white
02184.jpg,"so, grand ave",grand,white
02180.jpg,so. grand ave,grand,white
02174.jpg,rand,grand,white
02190.jpg,so. grand,grand,white
02200.jpg,sand ade,grand,white
02201.jpg,s. brand art.,grand,white
02196.jpg,so. grand-ave,grand,white
02195.jpg,grand,grand,white
02197.jpg,s. grand avc,grand,white
02202.jpg,"so, grand live",grand,white
02203.jpg,so. grand are,grand,white
02194.jpg,"so, grand ave.",grand,white
02212.jpg,grandlive.,grand,white
02206.jpg,grand lave,grand,white
02208.jpg,so. grand ave,grand,white
02210.jpg,s. grand ave,grand,white
02209.jpg,s. grandlane.,grand,white
02213.jpg,"gre
rand",grand,white
02217.jpg,grand ave.,grand,white
02204.jpg,"so, grand ave",grand,white
02221.jpg,grand ave,grand,white
02215.jpg,"s. grand ave
s",grand,white
02216.jpg,s. grand ave,grand,white
02232.jpg,so. grand ave,grand,white
02227.jpg,so. grand-ave,grand,
02220.jpg,"ram
no",grand,white
02233.jpg,grand lave,grand,white
02230.jpg,jahouhy,hope,white
02239.jpg,trand ave.,grand,white
02229.jpg,"so, grand ave.",grand,white
02223.jpg,s grand are,grand,white
02237.jpg,"so, grand ave",grand,white
02228.jpg,"so, grand ave",grand,white
02235.jpg,s. grand b.,grand,white
02222.jpg,all ave.,bunker hill ave,white
02244.jpg,and,grand,white
02234.jpg,grand ave.,grand,white
02240.jpg,s. grand art.,grand,white
02242.jpg,and bave,grand,white
02245.jpg,,west,white
02177.jpg,s. grand ave.,grand,white
02246.jpg,"so, grand ave",grand,white
02247.jpg,sa. grand-17 ke,grand,white
02250.jpg,grand,grand,white
02241.jpg,"4
and art.",grand,white
02243.jpg,grand ave,grand,white
02248.jpg,grand leve,grand,white
02249.jpg,sgrond ave,grand,white
02257.jpg,"so, grand ave",grand,negro
02185.jpg,grand thre.,grand,white
02261.jpg,so. grand-ave,grand,white
02254.jpg,so grand-ave,grand,white
02255.jpg,s. grand vine.,grand,white
02265.jpg,8. grand ohne.,grand,white
02252.jpg,"so, grand ave",grand,white
02259.jpg,so. grand ave,grand,white
02266.jpg,8. ghan,grand,mexican
02262.jpg,"so, grandave",grand,white
02268.jpg,brand,grand,white
02263.jpg,grand ave,grand,white
02273.jpg,and,grand,white
02277.jpg,grand ave,grand,white
02291.jpg,s. grand ave,grand,white
02288.jpg,,west,white
02282.jpg,rand,grand,white
02267.jpg,s. granca vp.,grand,white
02278.jpg,s. grand ave,grand,white
02269.jpg,so grand ave,grand,white
02280.jpg,grand ave.,grand,white
02286.jpg,rand ave.,grand,white
02293.jpg,"so, grand-aye",grand,
02296.jpg,"so, grand ave",grand,white
02284.jpg,land,grand,white
02304.jpg,rand,grand,white
02295.jpg,s. grand ave,grand,white
02292.jpg,noc,hope,white
02285.jpg,s. grand ave,grand,white
02279.jpg,"so, grand-aye",grand,oriental
02302.jpg,s. grand ave.,grand,white
02299.jpg,grand have,grand,white
02289.jpg,s. grand as.,grand,white
02272.jpg,"so, grand ave",grand,white
02303.jpg,so. grand ave,grand,white
02306.jpg,,west,white
02275.jpg,grand i,grand,white
02297.jpg,grand lave,grand,white
02298.jpg,i. grand ave,grand,white
02300.jpg,s. grand ave.,grand,white
02294.jpg,grand art.,grand,white
02308.jpg,gran,grand,white
02309.jpg,rand,grand,white
02287.jpg,grand love,grand,white
02313.jpg,"s.grand ave
s",grand,white
02316.jpg,grand ave,grand,white
02326.jpg,,west,white
02317.jpg,grand que,grand,white
02328.jpg,s. grand time,grand,white
02325.jpg,,west,white
02314.jpg,,west,white
02315.jpg,so. grand ave.,grand,white
02321.jpg,s. grand ave,grand,white
02324.jpg,trand ave,grand,white
02332.jpg,grand ave.,grand,white
02318.jpg,grand ave,grand,white
02312.jpg,"so, grand ave",grand,white
02311.jpg,s. grand ave,grand,white
02356.jpg,so. grand-ave,grand,white
02353.jpg,grand,grand,white
02333.jpg,s. grany ave,grand,white
02352.jpg,"s. olive
-0",bunker hill ave,oriental
02343.jpg,"so, grand ave",grand,white
02354.jpg,"so, grand ave",grand,white
02346.jpg,"3. fr
and",grand,white
02340.jpg,so. grand ave.,grand,white
02355.jpg,"so, greitp-ave",bunker hill ave,white
02319.jpg,s. grand time.,grand,white
02331.jpg,s. grand ave,grand,white
02337.jpg,3. grand ave,grand,white
02359.jpg,s. grand avc.,grand,white
02357.jpg,grand ave,grand,white
02344.jpg,,west,white
02330.jpg,s. grand,grand,other
02350.jpg,"so, grand ave",grand,white
02351.jpg,grand ave.,grand,white
02341.jpg,so. grand ave,grand,white
02334.jpg,grand ave.,grand,white
02360.jpg,"so, grand ave",grand,white
02364.jpg,so. grand ave,grand,white
02377.jpg,so grand are,grand,white
02361.jpg,i. grand a,grand,white
02375.jpg,grand ave,grand,white
02369.jpg,grand,grand,white
02372.jpg,grand,grand,white
02371.jpg,"8.
3. grand",grand,white
02373.jpg,"so, grand ave",grand,white
02362.jpg,grand ave.,grand,white
02389.jpg,s! grand ave,grand,white
02378.jpg,"s.
would any.",clay,white
02363.jpg,s. grand live.,grand,white
02379.jpg,s. grand pf.,grand,white
02398.jpg,s. grand ave,grand,white
02366.jpg,"so
grand ave",grand,white
02381.jpg,nd lave,bunker hill ave,white
02393.jpg,"so, grand ave",grand,white
02413.jpg,grand ave.,grand,white
02391.jpg,my.,clay,white
02407.jpg,grand live.,grand,white
02387.jpg,,west,white
02383.jpg,so grand ave,grand,white
02404.jpg,grand lave,grand,white
02380.jpg,"se
grand lave",grand,white
02390.jpg,grand ave.,grand,white
02385.jpg,grand ave.,grand,white
02394.jpg,so. grand ave,grand,white
02415.jpg,grand ave.,grand,white
02411.jpg,s. grand ave,grand,white
02397.jpg,gran,grand,white
02414.jpg,rand,grand,white
02400.jpg,wave.,west,white
02388.jpg,so. grand ave,grand,white
02402.jpg,s.grand ave,grand,white
02419.jpg,"west
first",west,white
02418.jpg,"so, grand ave",grand,white
02416.jpg,s. grand ave,grand,white
02421.jpg,"west
first",west,white
02403.jpg,grand,grand,white
02427.jpg,west first.,west,white
02425.jpg,"""west first.",west,white
02422.jpg,west first,west,white
02420.jpg,"west.
first",west,white
02424.jpg,-west first.,west,white
02426.jpg,west first,west,white
02423.jpg,west first,west,white
02428.jpg,west first,west,white
02434.jpg,west first,west,white
02438.jpg,west first,west,white
02445.jpg,west first,west,white
02436.jpg,west first,west,white
02447.jpg,"west
first.",west,white
02440.jpg,west first,west,white
02441.jpg,west first,west,white
02439.jpg,west first,west,white
02437.jpg,west first,west,white
02443.jpg,west first,west,white
02435.jpg,west first,west,white
02433.jpg,west first,west,white
02430.jpg,west first,west,white
02432.jpg,west first,west,white
02451.jpg,"west
first",west,white
02429.jpg,west first,west,white
02431.jpg,west first.,west,white
02444.jpg,west first,west,white
02442.jpg,west first,west,white
02449.jpg,west first.,west,white
02459.jpg,west first.,west,white
02457.jpg,"west
first",west,white
02450.jpg,-west first,west,white
02446.jpg,west first,west,white
02453.jpg,west first,west,white
02458.jpg,west first.,west,white
02448.jpg,west first,west,white
02454.jpg,west first.,west,white
02455.jpg,"west
first",west,white
02452.jpg,west first,west,white
02461.jpg,west first,west,white
02460.jpg,west first,west,white
02456.jpg,"west
first",west,white
02474.jpg,"so, bunkey hill ave",bunker hill ave,white
02467.jpg,bunkir hill-_ ave.,bunker hill ave,white
02462.jpg,west first,west,white
02471.jpg,"so, bunkex hill ave",bunker hill ave,white
02463.jpg,west first,west,white
02466.jpg,bunker hill! ave,bunker hill ave,white
02473.jpg,·so. bunker hill ave,bunker hill ave,white
02479.jpg,ave,bunker hill ave,white
02472.jpg,"so, bunner hill ave",bunker hill ave,white
02475.jpg,bunker hill ave.,bunker hill ave,white
02480.jpg,so bunker hill ave,bunker hill ave,white
02478.jpg,bunker hill ve,bunker hill ave,white
02483.jpg,so. bunkex hill ave,bunker hill ave,white
02490.jpg,bunker hill! ave.,bunker hill ave,white
02464.jpg,west first,west,white
02485.jpg,bunker hill,bunker hill ave,white
02465.jpg,west first,west,white
02469.jpg,bunker hell ave.,bunker hill ave,white
02477.jpg,so. bunker hill ave,bunker hill ave,white
02484.jpg,·so. bunker hill ave,bunker hill ave,white
02470.jpg,"bunker hill alves,",bunker hill ave,white
02486.jpg,bunker hell. avs.,bunker hill ave,white
02482.jpg,so. bunker hill ave,bunker hill ave,white
02468.jpg,bunker bell-wr,bunker hill ave,white
02491.jpg,bunker fell ave.,bunker hill ave,white
02488.jpg,bunker hill ave.,bunker hill ave,white
02495.jpg,"so, bunker hill ave",bunker hill ave,white
02476.jpg,"so, bunker hill ave",bunker hill ave,white
02489.jpg,benker hill. avr.,bunker hill ave,white
02494.jpg,bunker hill ave,bunker hill ave,white
02481.jpg,"so, bunker nill ave",bunker hill ave,white
02492.jpg,bunker killie.,bunker hill ave,white
02487.jpg,s. benker hils are,bunker hill ave,white
02497.jpg,so bunker hill ave,bunker hill ave,white
02502.jpg,banker hill avr.,bunker hill ave,white
02501.jpg,bunker hell ave.,bunker hill ave,white
02493.jpg,bunker hell. avr,bunker hill ave,white
02499.jpg,so. bunker hill ave,bunker hill ave,white
02500.jpg,si burkh i tillave,bunker hill ave,white
02496.jpg,so bunker hill ave,bunker hill ave,white
02498.jpg,"so, bunker hill ave,",bunker hill ave,white
02517.jpg,bunker hill! ave,bunker hill ave,white
02505.jpg,"so, bunker hill ale",bunker hill ave,white
02510.jpg,bunker hill - ave,bunker hill ave,white
02515.jpg,bunker hill ave.,bunker hill ave,white
02513.jpg,bunker kell. ave,bunker hill ave,white
02525.jpg,so. bunkex hill ave,bunker hill ave,white
02503.jpg,unker,bunker hill ave,white
02508.jpg,so.bunker hill ave,bunker hill ave,white
02512.jpg,bunker hille. ave.,bunker hill ave,white
02506.jpg,"so, bunker hill ave",bunker hill ave,white
02530.jpg,so. bunker hill ave,bunker hill ave,white
02529.jpg,-bunker hill,bunker hill ave,white
02514.jpg,bunker hile. ave,bunker hill ave,white
02520.jpg,so bunker hill ave,bunker hill ave,white
02509.jpg,bunker hile avv.,bunker hill ave,white
02516.jpg,bunker hill ave.,bunker hill ave,white
02533.jpg,so. bunkex hill ave,bunker hill ave,white
02522.jpg,bunker hill are,bunker hill ave,white
02535.jpg,so. bunkey hill ave.,bunker hill ave,white
02504.jpg,so. bunkex hill ave,bunker hill ave,white
02526.jpg,bunker hill ave,bunker hill ave,white
02531.jpg,"so, bunker hill ave",bunker hill ave,white
02523.jpg,so. bunker hill ave,bunker hill ave,white
02519.jpg,se bunkey hill ave,bunker hill ave,white
02511.jpg,3. bunker (fill aus.,bunker hill ave,white
02518.jpg,bunker hile love,bunker hill ave,white
02534.jpg,"so, bunkey hill ave",bunker hill ave,white
02507.jpg,so. bunkex hill ave,bunker hill ave,white
02537.jpg,bunker hill! ave.,bunker hill ave,white
02532.jpg,"so, bunker hill ave",bunker hill ave,white
02527.jpg,bunker hill. avv.,bunker hill ave,white
02521.jpg,so bunker hill ave,bunker hill ave,white
02524.jpg,s. bunker will ave,bunker hill ave,white
02536.jpg,so. bunker hill ave,bunker hill ave,white
02549.jpg,so. bunker hill ave,bunker hill ave,white
02547.jpg,"so, bunker hill ave",bunker hill ave,white
02540.jpg,bunker hell! ave.,bunker hill ave,white
02545.jpg,bunker hill ave.,bunker hill ave,white
02551.jpg,"so, bunker hill ave",bunker hill ave,white
02556.jpg,so bunkey hill ave,bunker hill ave,white
02541.jpg,bunker hill i ave.,bunker hill ave,white
02548.jpg,"so, bunkex hill ave",bunker hill ave,white
02546.jpg,bunker file-tv.,bunker hill ave,white
02558.jpg,"so, bunker hill ave",bunker hill ave,white
02542.jpg,"bunker alle ave,
lee",bunker hill ave,white
02544.jpg,bunker hill ave,bunker hill ave,white
02552.jpg,banker hill.,bunker hill ave,white
02557.jpg,so. bunker hill ave,bunker hill ave,white
02563.jpg,bunker hill ave,bunker hill ave,white
02554.jpg,s. bunker / fill are,bunker hill ave,white
02562.jpg,"so, bunker hill ave",bunker hill ave,white
02553.jpg,bunker hill (,bunker hill ave,white
02559.jpg,so. bunker hill ave,bunker hill ave,white
02550.jpg,so. bunker hill ave,bunker hill ave,white
02568.jpg,bunker hill ave.,bunker hill ave,white
02564.jpg,"bunker me
vr",bunker hill ave,white
02566.jpg,bunker hell ave,bunker hill ave,white
02543.jpg,bunker hell avo.,bunker hill ave,white
02565.jpg,bunker hele- avv.,bunker hill ave,white
02569.jpg,bunker hell i ave.,bunker hill ave,white
02567.jpg,bunker till avr,bunker hill ave,white
02555.jpg,bunker hill aver,bunker hill ave,white
02560.jpg,so. bunker hill ave,bunker hill ave,white
02561.jpg,se. bunker hill ave,bunker hill ave,white
02570.jpg,bunker hill ave.,bunker hill ave,white
02572.jpg,bunker hill ave.,bunker hill ave,white
02571.jpg,bunker fill ave.,bunker hill ave,white
02539.jpg,bunker hile. ave,bunker hill ave,white
02538.jpg,bunku hill alve,bunker hill ave,white
02575.jpg,so bunker hill ave,bunker hill ave,white
02576.jpg,bunker hill ave,bunker hill ave,white
02577.jpg,bunker hill ave.,bunker hill ave,white
02574.jpg,bunker hill ave,bunker hill ave,white
02573.jpg,bbunker will. ave.,bunker hill ave,white
02606.jpg,so. bunker hill ave,bunker hill ave,white
02597.jpg,bunker hill ave,bunker hill ave,white
02579.jpg,bunker hell ave.,bunker hill ave,white
02598.jpg,bunker hill ave,bunker hill ave,white
02592.jpg,bunker hill ave,bunker hill ave,white
02583.jpg,"bunker hill, over",bunker hill ave,white
02587.jpg,"5
bunker hill an",bunker hill ave,white
02582.jpg,bunker hell ave,bunker hill ave,white
02586.jpg,& bunker hill live,bunker hill ave,white
02578.jpg,so.bunkey hill ave,bunker hill ave,white
02591.jpg,bunker hill ve,bunker hill ave,white
02584.jpg,bunker hill ave.,bunker hill ave,white
02581.jpg,bunker hill ave.,bunker hill ave,white
02580.jpg,bunker hill i ave.,bunker hill ave,white
02588.jpg,bunker hill ave.,bunker hill ave,white
02602.jpg,bunker hell ave,bunker hill ave,white
02604.jpg,bunker hill ave.,bunker hill ave,white
02596.jpg,bunker hill ave,bunker hill ave,white
02593.jpg,bunker hill ave,bunker hill ave,mexican
02589.jpg,bunker hill ave.,bunker hill ave,white
02595.jpg,bunker hell ave.,bunker hill ave,white
02599.jpg,bunker hilke awes,bunker hill ave,white
02585.jpg,bunker hill ave,bunker hill ave,white
02608.jpg,bunker klee- de,bunker hill ave,white
02594.jpg,bunker hill-o ave.,bunker hill ave,white
02603.jpg,"bunker hill
ave",bunker hill ave,white
02601.jpg,bunker hill ave,bunker hill ave,white
02609.jpg,bunker hell avg.,bunker hill ave,white
02607.jpg,bunker hill ave,bunker hill ave,white
02605.jpg,bunker hill! ave,bunker hill ave,white
02600.jpg,bunker hill ave.,bunker hill ave,white
02590.jpg,bunker hill cure.,bunker hill ave,white
02610.jpg,bunker,bunker hill ave,white
02613.jpg,bunker will,bunker hill ave,white
02630.jpg,"so, bunker hill ave",bunker hill ave,white
02620.jpg,bunker hill avd.,bunker hill ave,white
02633.jpg,bunker bill. the,bunker hill ave,white
02624.jpg,bunker nice,bunker hill ave,white
02619.jpg,bunker hell ave,bunker hill ave,white
02617.jpg,so. bunkey hill ave.,bunker hill ave,white
02622.jpg,bunker hill ave,bunker hill ave,white
02642.jpg,,west,white
02615.jpg,"bunker hiel air,",bunker hill ave,white
02616.jpg,bunker hill ave.,bunker hill ave,white
02639.jpg,bunker hill ave.,bunker hill ave,white
02626.jpg,bunker hilel,bunker hill ave,white
02632.jpg,bunker hill ave.,bunker hill ave,white
02625.jpg,hir hell ave.,bunker hill ave,white
02635.jpg,so bunker hill ave,bunker hill ave,white
02634.jpg,bunker hell ave.,bunker hill ave,white
02627.jpg,bunker hill ave,bunker hill ave,white
02612.jpg,bunker hill i ave.,bunker hill ave,white
02631.jpg,bunker hell ave.,bunker hill ave,white
02628.jpg,bunker fill aver.,bunker hill ave,white
02623.jpg,bunker hilel,bunker hill ave,white
02641.jpg,buniken hell ave.,bunker hill ave,white
02636.jpg,bunker hill ave.,bunker hill ave,white
02638.jpg,bunker hill ave,bunker hill ave,white
02611.jpg,bunker hille ave,bunker hill ave,white
02643.jpg,bunker hill ave,bunker hill ave,white
02644.jpg,bunker hill ave,bunker hill ave,white
02640.jpg,bunker hill ave.,bunker hill ave,white
02645.jpg,bunker thel-ave,bunker hill ave,white
02650.jpg,bunker hill aven,bunker hill ave,white
02646.jpg,"so, bunker hill ave",bunker hill ave,white
02647.jpg,bunker hill ave,bunker hill ave,white
02652.jpg,bunker hille avd.,bunker hill ave,white
02651.jpg,so bunker hill ave.,bunker hill ave,white
02648.jpg,bunker hell! ave.,bunker hill ave,white
02653.jpg,bunker hill ave,bunker hill ave,white
02649.jpg,s. bunker hill are,bunker hill ave,white
02663.jpg,so bunker hill ave,bunker hill ave,white
02637.jpg,bunker hile- ave.,bunker hill ave,white
02614.jpg,bunker hill ave,bunker hill ave,white
02629.jpg,bunker hile ave,bunker hill ave,white
02654.jpg,bunker hill ave.,bunker hill ave,white
02661.jpg,"so, bunker hill ave.",bunker hill ave,white
02658.jpg,bunker kill ave.,bunker hill ave,white
02671.jpg,banker klee a,bunker hill ave,white
02657.jpg,bunker hill the,bunker hill ave,white
02656.jpg,bunker hill! ave.,bunker hill ave,white
02669.jpg,so bunkey hill ave,bunker hill ave,white
02677.jpg,bunker hille,bunker hill ave,white
02660.jpg,"bunker nile fue
wee",bunker hill ave,white
02659.jpg,bunker hell ave.,bunker hill ave,white
02675.jpg,"bunker hill ave,",bunker hill ave,white
02666.jpg,"so, bunker hill ave",bunker hill ave,white
02673.jpg,bunker hill ave,bunker hill ave,white
02670.jpg,"bunker hill
e",bunker hill ave,white
02668.jpg,so bunker hill ave,bunker hill ave,white
02655.jpg,bunker hill airs.,bunker hill ave,white
02664.jpg,so bunker hill ave,bunker hill ave,white
02672.jpg,"bunker hill ai
28.",bunker hill ave,white
02662.jpg,so. bunker hill ave,bunker hill ave,white
02674.jpg,bunker hell ave,bunker hill ave,white
02667.jpg,so. bunker hill ave,bunker hill ave,white
02676.jpg,,west,white
02665.jpg,"so, bunker nill ave",bunker hill ave,white
02678.jpg,bunker will de,bunker hill ave,white
02681.jpg,so. bunker hill ale,bunker hill ave,white
02680.jpg,"so, bunkex hill ave",bunker hill ave,white
02679.jpg,bunker hell ave,bunker hill ave,white
02682.jpg,so.bunker hill ave,bunker hill ave,white
02683.jpg,so. bunker hill ave,bunker hill ave,white
02685.jpg,so. bunker hill ave,bunker hill ave,white
02687.jpg,5. bunker hill ave,bunker hill ave,white
02684.jpg,so. bunker hill ave,bunker hill ave,white
02686.jpg,bunkir,bunker hill ave,white
02688.jpg,so. bunker hill ave,bunker hill ave,white
02692.jpg,so bunkey hill ave,bunker hill ave,white
02711.jpg,so bunker hill ave,bunker hill ave,white
02689.jpg,"so, bunker hill ave",bunker hill ave,white
02696.jpg,bunker fill ave.,bunker hill ave,white
02695.jpg,bunker mile avr,bunker hill ave,white
02702.jpg,so. bunker hill ave,bunker hill ave,white
02715.jpg,bunker heel ave.,bunker hill ave,white
02690.jpg,so. bunker hill ave,bunker hill ave,white
02716.jpg,bunker hill ave,bunker hill ave,white
02700.jpg,bunker hill ave.,bunker hill ave,white
02706.jpg,so.bunker hill are,bunker hill ave,other
02708.jpg,so. bunker nill ave,bunker hill ave,white
02693.jpg,bunker hell - ave.,bunker hill ave,white
02707.jpg,so bunker hill ave.,bunker hill ave,white
02698.jpg,bunker hill - ave,bunker hill ave,white
02714.jpg,bunker hill ave,bunker hill ave,white
02703.jpg,so. bunker hill ave,bunker hill ave,white
02697.jpg,bunker hile ave,bunker hill ave,white
02713.jpg,bunker hill ave.,bunker hill ave,white
02694.jpg,bunker will ave,bunker hill ave,white
02691.jpg,so. bunker hill se,bunker hill ave,white
02719.jpg,bunker hill ave.,bunker hill ave,white
02709.jpg,so bunker hill ave,bunker hill ave,white
02718.jpg,bunker fill. ave.,bunker hill ave,white
02710.jpg,so bunker hill ave,bunker hill ave,white
02704.jpg,so. bunker hill ave,bunker hill ave,white
02705.jpg,"so, bunkey hill ave",bunker hill ave,white
02717.jpg,"bun
hille",bunker hill ave,white
02701.jpg,bunker hike ave.,bunker hill ave,white
02712.jpg,"so, bunker hill ave",bunker hill ave,white
02699.jpg,bunker hill! ave.,bunker hill ave,white
02720.jpg,bunker klee u,bunker hill ave,white
02724.jpg,so-bonker-hillst,bunker hill ave,white
02722.jpg,so. bunkex will ave,bunker hill ave,white
02723.jpg,so. bunker hill ave,bunker hill ave,white
02721.jpg,bunker hile ve,bunker hill ave,white
02747.jpg,s. bunkcr hill,bunker hill ave,white
02729.jpg,"so, bunker hill ave",bunker hill ave,negro
02728.jpg,so. bunker will ave,bunker hill ave,white
02727.jpg,so.bunker hill ave,bunker hill ave,white
02726.jpg,so. bunker hill ave,bunker hill ave,white
02751.jpg,s. bunker hill,bunker hill ave,white
02732.jpg,bunker hill ave.,bunker hill ave,white
02735.jpg,bunker hill - ave.,bunker hill ave,white
02725.jpg,sa. bunker hill ave,bunker hill ave,white
02766.jpg,s. bunker hillav,bunker hill ave,
02743.jpg,s.bunker hi!,bunker hill ave,white
02738.jpg,s.bunker hill,bunker hill ave,white
02769.jpg,s. bunker hill,bunker hill ave,white
02762.jpg,s. bunker hill,bunker hill ave,
02731.jpg,so. bunker hill ave,bunker hill ave,white
02765.jpg,"s. bunkcr hill
s",bunker hill ave,white
02734.jpg,bunker hill ave.,bunker hill ave,white
02758.jpg,s. bunker hillav,bunker hill ave,white
02737.jpg,s. bunker hill,bunker hill ave,white
02733.jpg,bunker hill aver,bunker hill ave,white
02736.jpg,banker hill aut,bunker hill ave,white
02755.jpg,s. bunker hill,bunker hill ave,white
02750.jpg,s. bunker hill,bunker hill ave,white
02757.jpg,s.bunker hill,bunker hill ave,white
02744.jpg,s.bunker hill,bunker hill ave,white
02768.jpg,s. bunker hill,bunker hill ave,white
02770.jpg,s. bunker hill,bunker hill ave,white
02771.jpg,s. bunker hill,bunker hill ave,white
02761.jpg,s.bunker hi11,bunker hill ave,white
02730.jpg,so. bunker hill ave,bunker hill ave,white
02745.jpg,s. bunker hill,bunker hill ave,white
02773.jpg,s. bunker hill ave,bunker hill ave,white
02776.jpg,s. bunker hill,bunker hill ave,white
02774.jpg,s. bunker hillf,bunker hill ave,
02785.jpg,s. bunker hill ave.,bunker hill ave,white
02801.jpg,s. bunker hill,bunker hill ave,white
02787.jpg,s. bunker hill,bunker hill ave,white
02810.jpg,s. bunker hilla,bunker hill ave,white
02822.jpg,s. bunker hill ave,bunker hill ave,white
02778.jpg,s. bunker hi,bunker hill ave,white
02791.jpg,s. bunker hill,bunker hill ave,white
02814.jpg,s.bunker hill,bunker hill ave,white
02823.jpg,s.bunker hill,bunker hill ave,white
02816.jpg,s. bunker hill,bunker hill ave,white
02802.jpg,s. bunker hill,bunker hill ave,white
02780.jpg,s. bunker hi/lae,bunker hill ave,white
02790.jpg,s. bunker hill,bunker hill ave,white
02817.jpg,s.bunker hill,bunker hill ave,white
02812.jpg,"s.bunker hill
st",bunker hill ave,white
02821.jpg,s. bunker hill ave,bunker hill ave,white
02809.jpg,s. bunker hill,bunker hill ave,white
02786.jpg,s. bunker hill ave.,bunker hill ave,white
02779.jpg,s.bunkcr hill,bunker hill ave,white
02781.jpg,s. bunker hill,bunker hill ave,white
02796.jpg,s. bunker hill,bunker hill ave,white
02829.jpg,s. bunker hill,bunker hill ave,white
02824.jpg,s. bunker hill,bunker hill ave,white
02800.jpg,s bunker hill ave.,bunker hill ave,white
02804.jpg,s. bunkcr hill,bunker hill ave,white
02806.jpg,s bunker hill aves,bunker hill ave,white
02777.jpg,s. bunker hill,bunker hill ave,white
02788.jpg,s. bunker hill,bunker hill ave,white
02827.jpg,s. bunker hill,bunker hill ave,white
02789.jpg,s. bunker hill,bunker hill ave,white
02828.jpg,s. bunker hill,bunker hill ave,white
02835.jpg,s. bunker 115,bunker hill ave,white
02837.jpg,s. bunker hill,bunker hill ave,white
02840.jpg,s.bunkor hill,bunker hill ave,white
02832.jpg,s. bunker hill,bunker hill ave,
02851.jpg,s. bunker hill,bunker hill ave,white
02846.jpg,s. bunker hill,bunker hill ave,white
02844.jpg,s.bunker hill,bunker hill ave,white
02843.jpg,s.bunker hill,bunker hill ave,white
02836.jpg,s. bunker hill,bunker hill ave,white
02842.jpg,"s.bunker hill
st",bunker hill ave,white
02854.jpg,s. bunker hill,bunker hill ave,white
02792.jpg,s. bunker hill,bunker hill ave,white
